pass,bench,config,run,ms
1,sumArray,none,0,7.338560000003781
1,sumArray,none,1,7.2933110000158194
1,sumArray,none,2,7.303449999977602
1,sumArray,none,3,7.3062579999968875
1,sumArray,none,4,7.4444559999974445
1,sumArray,none,5,7.7206400000141
1,sumArray,none,6,7.674185999989277
1,sumArray,none,7,7.835416999994777
1,sumArray,none,8,7.61562700002105
1,sumArray,none,9,7.352945999999065
1,sumArray,none,10,7.89174500000081
1,sumArray,none,11,7.529048999975203
1,sumArray,none,12,7.37271199998213
1,sumArray,none,13,8.480546000006143
1,sumArray,none,14,8.748690000007628
1,sumArray,none,15,7.221065000019735
1,sumArray,none,16,7.207334999984596
1,sumArray,none,17,7.693230999982916
1,sumArray,none,18,8.182291999983136
1,sumArray,none,19,7.164179999992484
1,sumArray,none,20,7.41157700002077
1,sumArray,none,21,7.930657999997493
1,sumArray,none,22,7.281829000014113
1,sumArray,none,23,7.425562999997055
1,sumArray,none,24,7.26472500001546
1,sumArray,none,25,8.39586399999098
1,sumArray,none,26,8.721209000010276
1,sumArray,none,27,8.99401600001147
1,sumArray,none,28,8.562120000016876
1,sumArray,none,29,8.825416999985464
1,sumArray,full,0,9.013074999995297
1,sumArray,full,1,8.892794000013964
1,sumArray,full,2,8.8534229999932
1,sumArray,full,3,8.919797000009567
1,sumArray,full,4,8.330852999992203
1,sumArray,full,5,8.97729700000491
1,sumArray,full,6,8.757645999983652
1,sumArray,full,7,8.896367000008468
1,sumArray,full,8,8.917847000004258
1,sumArray,full,9,8.776401000010082
1,sumArray,full,10,9.192243000026792
1,sumArray,full,11,8.797702000010759
1,sumArray,full,12,8.68680399999721
1,sumArray,full,13,8.840418000007048
1,sumArray,full,14,7.232149999996182
1,sumArray,full,15,7.037363000010373
1,sumArray,full,16,7.175902999995742
1,sumArray,full,17,7.0202469999785535
1,sumArray,full,18,7.104454000014812
1,sumArray,full,19,7.119208999996772
1,sumArray,full,20,7.10593799999333
1,sumArray,full,21,7.258787999977358
1,sumArray,full,22,7.105719999992289
1,sumArray,full,23,7.069621000002371
1,sumArray,full,24,7.165454000001773
1,sumArray,full,25,7.1744569999864325
1,sumArray,full,26,7.1706300000078045
1,sumArray,full,27,6.97076999998535
1,sumArray,full,28,7.100497999985237
1,sumArray,full,29,7.208313999988604
1,sumArray,proof,0,7.320508000004338
1,sumArray,proof,1,7.037684000009904
1,sumArray,proof,2,7.091320000006817
1,sumArray,proof,3,7.058900000003632
1,sumArray,proof,4,7.287899000017205
1,sumArray,proof,5,7.789948000019649
1,sumArray,proof,6,7.157234999991488
1,sumArray,proof,7,7.180320999992546
1,sumArray,proof,8,7.128784000000451
1,sumArray,proof,9,7.149249000009149
1,sumArray,proof,10,7.099171999987448
1,sumArray,proof,11,7.096749999996973
1,sumArray,proof,12,7.1878149999829475
1,sumArray,proof,13,7.05195900000399
1,sumArray,proof,14,7.234603999997489
1,sumArray,proof,15,7.869142999988981
1,sumArray,proof,16,7.039921999996295
1,sumArray,proof,17,7.275668999995105
1,sumArray,proof,18,7.128310000000056
1,sumArray,proof,19,7.13880600000266
1,sumArray,proof,20,7.237508000020171
1,sumArray,proof,21,7.04854200000409
1,sumArray,proof,22,7.241725999978371
1,sumArray,proof,23,7.40024699998321
1,sumArray,proof,24,7.12193500000285
1,sumArray,proof,25,7.375892999989446
1,sumArray,proof,26,7.068865999986883
1,sumArray,proof,27,7.2127959999779705
1,sumArray,proof,28,7.092899999988731
1,sumArray,proof,29,7.117259000020567
1,sumArray,strict,0,7.14847300000838
1,sumArray,strict,1,7.453626000002259
1,sumArray,strict,2,7.105137000005925
1,sumArray,strict,3,7.391004999983124
1,sumArray,strict,4,7.941061999998055
1,sumArray,strict,5,8.113803999993252
1,sumArray,strict,6,7.925894999993034
1,sumArray,strict,7,7.128425000002608
1,sumArray,strict,8,7.395967999997083
1,sumArray,strict,9,7.242417000001296
1,sumArray,strict,10,7.315090999996755
1,sumArray,strict,11,7.981995999987703
1,sumArray,strict,12,8.107224000006681
1,sumArray,strict,13,7.469010000000708
1,sumArray,strict,14,7.165099999983795
1,sumArray,strict,15,7.208583999978146
1,sumArray,strict,16,7.299881999992067
1,sumArray,strict,17,7.1381209999963176
1,sumArray,strict,18,7.44008900001063
1,sumArray,strict,19,7.268619000009494
1,sumArray,strict,20,7.4277449999935925
1,sumArray,strict,21,8.439825000008568
1,sumArray,strict,22,7.390156000008574
1,sumArray,strict,23,7.013575999997556
1,sumArray,strict,24,7.134948999999324
1,sumArray,strict,25,7.143846999999369
1,sumArray,strict,26,7.406921000016155
1,sumArray,strict,27,7.22849100001622
1,sumArray,strict,28,7.299681000004057
1,sumArray,strict,29,7.333366000006208
1,sumArray,balanced,0,7.0773929999850225
1,sumArray,balanced,1,7.063246000005165
1,sumArray,balanced,2,6.993622000009054
1,sumArray,balanced,3,7.081132000021171
1,sumArray,balanced,4,7.545427999983076
1,sumArray,balanced,5,7.309728999971412
1,sumArray,balanced,6,7.275752999994438
1,sumArray,balanced,7,7.220837000000756
1,sumArray,balanced,8,7.11582500001532
1,sumArray,balanced,9,6.995076999999583
1,sumArray,balanced,10,7.213408999989042
1,sumArray,balanced,11,7.067330999998376
1,sumArray,balanced,12,7.020715999999084
1,sumArray,balanced,13,7.159688999992795
1,sumArray,balanced,14,7.018983999994816
1,sumArray,balanced,15,7.145430999982636
1,sumArray,balanced,16,7.084881000017049
1,sumArray,balanced,17,7.0373280000058
1,sumArray,balanced,18,7.2056740000261925
1,sumArray,balanced,19,7.110579999978654
1,sumArray,balanced,20,7.229401000018697
1,sumArray,balanced,21,7.191709000006085
1,sumArray,balanced,22,7.122522999998182
1,sumArray,balanced,23,7.208726999990176
1,sumArray,balanced,24,7.185633000015514
1,sumArray,balanced,25,7.106524999981048
1,sumArray,balanced,26,7.26273200000287
1,sumArray,balanced,27,7.107422000000952
1,sumArray,balanced,28,7.3269760000112
1,sumArray,balanced,29,7.26325600000564
1,sumArray,performance,0,7.5192840000090655
1,sumArray,performance,1,7.909347000007983
1,sumArray,performance,2,7.47081500000786
1,sumArray,performance,3,7.222704999992857
1,sumArray,performance,4,7.142798999993829
1,sumArray,performance,5,7.17376800000784
1,sumArray,performance,6,7.658224999991944
1,sumArray,performance,7,7.476911000005202
1,sumArray,performance,8,7.464952000009362
1,sumArray,performance,9,7.864862000016728
1,sumArray,performance,10,9.027791999978945
1,sumArray,performance,11,7.25705200000084
1,sumArray,performance,12,7.255390000005718
1,sumArray,performance,13,7.144767999998294
1,sumArray,performance,14,6.997123000008287
1,sumArray,performance,15,7.215758000005735
1,sumArray,performance,16,7.102984000026481
1,sumArray,performance,17,7.178081000020029
1,sumArray,performance,18,7.094530999980634
1,sumArray,performance,19,7.0827489999937825
1,sumArray,performance,20,7.539988000004087
1,sumArray,performance,21,7.77324999999837
1,sumArray,performance,22,7.604877999983728
1,sumArray,performance,23,7.028986999997869
1,sumArray,performance,24,7.549235000013141
1,sumArray,performance,25,7.11470800000825
1,sumArray,performance,26,7.561967999994522
1,sumArray,performance,27,7.3260190000000875
1,sumArray,performance,28,7.40869300000486
1,sumArray,performance,29,7.109858000010718
1,sumArray,budget:0.25,0,7.046149000001606
1,sumArray,budget:0.25,1,7.020514000003459
1,sumArray,budget:0.25,2,7.134416000015335
1,sumArray,budget:0.25,3,7.063823000004049
1,sumArray,budget:0.25,4,7.302387000003364
1,sumArray,budget:0.25,5,7.083898000011686
1,sumArray,budget:0.25,6,7.1204929999948945
1,sumArray,budget:0.25,7,7.078762999997707
1,sumArray,budget:0.25,8,7.075291999994079
1,sumArray,budget:0.25,9,7.336513999995077
1,sumArray,budget:0.25,10,7.232598999980837
1,sumArray,budget:0.25,11,7.234404999995604
1,sumArray,budget:0.25,12,7.127342000021599
1,sumArray,budget:0.25,13,7.09552099998109
1,sumArray,budget:0.25,14,7.622340000001714
1,sumArray,budget:0.25,15,7.21710599999642
1,sumArray,budget:0.25,16,7.063250000006519
1,sumArray,budget:0.25,17,7.039292000001296
1,sumArray,budget:0.25,18,7.03403999999864
1,sumArray,budget:0.25,19,7.151509999996051
1,sumArray,budget:0.25,20,7.638276000012411
1,sumArray,budget:0.25,21,7.270044000004418
1,sumArray,budget:0.25,22,7.354106999991927
1,sumArray,budget:0.25,23,7.168436000007205
1,sumArray,budget:0.25,24,7.152506999991601
1,sumArray,budget:0.25,25,7.4557260000146925
1,sumArray,budget:0.25,26,7.347615000006044
1,sumArray,budget:0.25,27,6.992552000010619
1,sumArray,budget:0.25,28,6.968294999998761
1,sumArray,budget:0.25,29,7.032626000000164
1,sumArray,budget:0.5,0,7.1277159999881405
1,sumArray,budget:0.5,1,7.114222000003792
1,sumArray,budget:0.5,2,7.1761570000089705
1,sumArray,budget:0.5,3,7.037095999985468
1,sumArray,budget:0.5,4,7.527927999995882
1,sumArray,budget:0.5,5,7.436075000005076
1,sumArray,budget:0.5,6,7.211988000024576
1,sumArray,budget:0.5,7,6.9727399999974295
1,sumArray,budget:0.5,8,7.1945640000049025
1,sumArray,budget:0.5,9,7.592142999987118
1,sumArray,budget:0.5,10,7.7352719999908
1,sumArray,budget:0.5,11,8.25895099999616
1,sumArray,budget:0.5,12,8.214686999999685
1,sumArray,budget:0.5,13,8.3305190000101
1,sumArray,budget:0.5,14,8.378873999987263
1,sumArray,budget:0.5,15,8.27065500000026
1,sumArray,budget:0.5,16,8.327982999995584
1,sumArray,budget:0.5,17,8.41315599999507
1,sumArray,budget:0.5,18,8.191989999992074
1,sumArray,budget:0.5,19,7.469941999996081
1,sumArray,budget:0.5,20,7.71152000001166
1,sumArray,budget:0.5,21,7.7159909999754746
1,sumArray,budget:0.5,22,7.339980999997351
1,sumArray,budget:0.5,23,7.476152999995975
1,sumArray,budget:0.5,24,7.374436999991303
1,sumArray,budget:0.5,25,7.845689000008861
1,sumArray,budget:0.5,26,7.604445000004489
1,sumArray,budget:0.5,27,7.26111300001503
1,sumArray,budget:0.5,28,7.24666000000434
1,sumArray,budget:0.5,29,7.178439000010258
1,sumArray,chuang,0,7.429537999996683
1,sumArray,chuang,1,7.1949039999744855
1,sumArray,chuang,2,7.1376429999945685
1,sumArray,chuang,3,7.107366000011098
1,sumArray,chuang,4,7.62330799998017
1,sumArray,chuang,5,7.194240999990143
1,sumArray,chuang,6,7.510076999984449
1,sumArray,chuang,7,7.184233999985736
1,sumArray,chuang,8,7.157692000007955
1,sumArray,chuang,9,7.169238000002224
1,sumArray,chuang,10,7.3791090000013355
1,sumArray,chuang,11,7.01811400000588
1,sumArray,chuang,12,7.203904000023613
1,sumArray,chuang,13,7.072703999991063
1,sumArray,chuang,14,7.47200900001917
1,sumArray,chuang,15,8.581593000009889
1,sumArray,chuang,16,8.665104000014253
1,sumArray,chuang,17,9.070814000006067
1,sumArray,chuang,18,8.77202699999907
1,sumArray,chuang,19,7.232061999995494
1,sumArray,chuang,20,7.130483999993885
1,sumArray,chuang,21,7.859107999975095
1,sumArray,chuang,22,7.561134999996284
1,sumArray,chuang,23,7.91796200000681
1,sumArray,chuang,24,7.723207999981241
1,sumArray,chuang,25,7.233778000023449
1,sumArray,chuang,26,7.5856020000064746
1,sumArray,chuang,27,8.126202999992529
1,sumArray,chuang,28,8.183817999990424
1,sumArray,chuang,29,8.158984000008786
1,prefixSum,none,0,10.86244599998463
1,prefixSum,none,1,11.781141000014031
1,prefixSum,none,2,11.33076800001436
1,prefixSum,none,3,10.549618000019109
1,prefixSum,none,4,10.526558999990812
1,prefixSum,none,5,10.550294000015128
1,prefixSum,none,6,10.60448800001177
1,prefixSum,none,7,10.475284999993164
1,prefixSum,none,8,10.567699999985052
1,prefixSum,none,9,10.524192999990191
1,prefixSum,none,10,10.929063000017777
1,prefixSum,none,11,12.381403000006685
1,prefixSum,none,12,11.451163999998244
1,prefixSum,none,13,11.041060999996262
1,prefixSum,none,14,10.8988749999844
1,prefixSum,none,15,10.952106999990065
1,prefixSum,none,16,10.989467000006698
1,prefixSum,none,17,10.64578099999926
1,prefixSum,none,18,10.964116000017384
1,prefixSum,none,19,10.68904999998631
1,prefixSum,none,20,10.590823000005912
1,prefixSum,none,21,10.579796999983955
1,prefixSum,none,22,10.701954999996815
1,prefixSum,none,23,10.527202999975998
1,prefixSum,none,24,10.609299000003375
1,prefixSum,none,25,10.82691099998192
1,prefixSum,none,26,11.260569999984
1,prefixSum,none,27,10.669155999989016
1,prefixSum,none,28,10.95038100000238
1,prefixSum,none,29,10.637202000012621
1,prefixSum,full,0,14.532032999995863
1,prefixSum,full,1,14.464049999980489
1,prefixSum,full,2,12.759526000008918
1,prefixSum,full,3,12.397958999994444
1,prefixSum,full,4,13.612622999993619
1,prefixSum,full,5,12.34831000000122
1,prefixSum,full,6,12.458082999975886
1,prefixSum,full,7,12.459743999992497
1,prefixSum,full,8,12.71486200002255
1,prefixSum,full,9,12.347701000020606
1,prefixSum,full,10,12.455008999997517
1,prefixSum,full,11,12.3707899999863
1,prefixSum,full,12,12.199208999983966
1,prefixSum,full,13,12.43403400000534
1,prefixSum,full,14,12.381647999980487
1,prefixSum,full,15,12.442841999989469
1,prefixSum,full,16,12.109832999994978
1,prefixSum,full,17,12.876170000003185
1,prefixSum,full,18,12.986504000000423
1,prefixSum,full,19,12.701817000022857
1,prefixSum,full,20,13.067910999991
1,prefixSum,full,21,13.13668000002508
1,prefixSum,full,22,14.104441000003135
1,prefixSum,full,23,13.41982999999891
1,prefixSum,full,24,12.256094000011217
1,prefixSum,full,25,12.261816999991424
1,prefixSum,full,26,12.754791000013938
1,prefixSum,full,27,12.57188900001347
1,prefixSum,full,28,12.400047999981325
1,prefixSum,full,29,12.588110000011511
1,prefixSum,proof,0,10.922240999992937
1,prefixSum,proof,1,10.78807899999083
1,prefixSum,proof,2,10.730581000010716
1,prefixSum,proof,3,11.097036999999546
1,prefixSum,proof,4,13.312559999991208
1,prefixSum,proof,5,13.362997999996878
1,prefixSum,proof,6,10.68319199999678
1,prefixSum,proof,7,10.650720999983605
1,prefixSum,proof,8,10.611687000025995
1,prefixSum,proof,9,10.514167999994243
1,prefixSum,proof,10,10.56172999998671
1,prefixSum,proof,11,10.95572099997662
1,prefixSum,proof,12,10.5693710000196
1,prefixSum,proof,13,10.520120000001043
1,prefixSum,proof,14,10.535751999996137
1,prefixSum,proof,15,12.180595999991056
1,prefixSum,proof,16,10.54642800000147
1,prefixSum,proof,17,10.529169999994338
1,prefixSum,proof,18,10.587689999985741
1,prefixSum,proof,19,12.042708000022685
1,prefixSum,proof,20,10.517961000005016
1,prefixSum,proof,21,15.505047000013292
1,prefixSum,proof,22,11.652086000016425
1,prefixSum,proof,23,10.571205999993253
1,prefixSum,proof,24,13.141503000020748
1,prefixSum,proof,25,10.82889500001329
1,prefixSum,proof,26,10.521016999991843
1,prefixSum,proof,27,10.838801999983843
1,prefixSum,proof,28,11.07658100000117
1,prefixSum,proof,29,10.68812100001378
1,prefixSum,strict,0,10.73731300001964
1,prefixSum,strict,1,10.874035999993794
1,prefixSum,strict,2,10.581220000021858
1,prefixSum,strict,3,10.855181999999331
1,prefixSum,strict,4,10.538452000007965
1,prefixSum,strict,5,10.789993000013055
1,prefixSum,strict,6,10.640417000016896
1,prefixSum,strict,7,10.776173999998719
1,prefixSum,strict,8,10.56202700000722
1,prefixSum,strict,9,10.498273000004701
1,prefixSum,strict,10,10.541607999999542
1,prefixSum,strict,11,10.795267000008607
1,prefixSum,strict,12,10.706265999993775
1,prefixSum,strict,13,10.7089510000078
1,prefixSum,strict,14,10.672068999992916
1,prefixSum,strict,15,10.983944000006886
1,prefixSum,strict,16,10.603083999973023
1,prefixSum,strict,17,10.72092100000009
1,prefixSum,strict,18,10.658798000018578
1,prefixSum,strict,19,10.733367000008002
1,prefixSum,strict,20,10.66080700000748
1,prefixSum,strict,21,10.519604999979492
1,prefixSum,strict,22,10.887617000000319
1,prefixSum,strict,23,10.660940000001574
1,prefixSum,strict,24,10.820519999979297
1,prefixSum,strict,25,10.692958999978146
1,prefixSum,strict,26,10.804109000018798
1,prefixSum,strict,27,10.633486999984598
1,prefixSum,strict,28,10.792109000001801
1,prefixSum,strict,29,14.151875000010477
1,prefixSum,balanced,0,11.271223000017926
1,prefixSum,balanced,1,11.38547199999448
1,prefixSum,balanced,2,12.851259000017308
1,prefixSum,balanced,3,12.4360250000027
1,prefixSum,balanced,4,12.44647199998144
1,prefixSum,balanced,5,12.17087599998922
1,prefixSum,balanced,6,12.068727999983821
1,prefixSum,balanced,7,10.874792999995407
1,prefixSum,balanced,8,15.03911800001515
1,prefixSum,balanced,9,10.537076999986311
1,prefixSum,balanced,10,11.958236000005854
1,prefixSum,balanced,11,13.40223700000206
1,prefixSum,balanced,12,13.448046000004979
1,prefixSum,balanced,13,13.378777000005357
1,prefixSum,balanced,14,13.382972000021255
1,prefixSum,balanced,15,13.391315000015311
1,prefixSum,balanced,16,13.453827000019373
1,prefixSum,balanced,17,13.523794999986421
1,prefixSum,balanced,18,13.424998000002233
1,prefixSum,balanced,19,13.544229999999516
1,prefixSum,balanced,20,13.284336000011535
1,prefixSum,balanced,21,13.320565999980317
1,prefixSum,balanced,22,13.483172999985982
1,prefixSum,balanced,23,13.005231999995885
1,prefixSum,balanced,24,10.550197999982629
1,prefixSum,balanced,25,10.499664000002667
1,prefixSum,balanced,26,10.509552999981679
1,prefixSum,balanced,27,10.745653000019956
1,prefixSum,balanced,28,10.588045999989845
1,prefixSum,balanced,29,10.559902999986662
1,prefixSum,performance,0,10.50638100001379
1,prefixSum,performance,1,10.708094000001438
1,prefixSum,performance,2,10.714525999996113
1,prefixSum,performance,3,10.490988000005018
1,prefixSum,performance,4,10.518780000013066
1,prefixSum,performance,5,10.549856999976328
1,prefixSum,performance,6,10.656478000018978
1,prefixSum,performance,7,10.618906000017887
1,prefixSum,performance,8,10.575267999985954
1,prefixSum,performance,9,10.468316999991657
1,prefixSum,performance,10,10.564979999995558
1,prefixSum,performance,11,10.492184000002453
1,prefixSum,performance,12,10.588942000002135
1,prefixSum,performance,13,10.651332000008551
1,prefixSum,performance,14,10.657234999991488
1,prefixSum,performance,15,10.610412000009092
1,prefixSum,performance,16,10.574697999982163
1,prefixSum,performance,17,13.48811299999943
1,prefixSum,performance,18,13.2006790000014
1,prefixSum,performance,19,12.060141000023577
1,prefixSum,performance,20,11.33719999997993
1,prefixSum,performance,21,11.19651700000395
1,prefixSum,performance,22,11.260720999998739
1,prefixSum,performance,23,11.162674999999581
1,prefixSum,performance,24,10.678951000008965
1,prefixSum,performance,25,11.19928600001731
1,prefixSum,performance,26,11.023982000013348
1,prefixSum,performance,27,10.609836999996332
1,prefixSum,performance,28,11.455680999992182
1,prefixSum,performance,29,11.471082999982173
1,prefixSum,budget:0.25,0,13.004160000011325
1,prefixSum,budget:0.25,1,11.0798890000151
1,prefixSum,budget:0.25,2,10.562221999978647
1,prefixSum,budget:0.25,3,10.704501999978675
1,prefixSum,budget:0.25,4,10.913231999991694
1,prefixSum,budget:0.25,5,10.949174000008497
1,prefixSum,budget:0.25,6,10.85504399999627
1,prefixSum,budget:0.25,7,10.75620699999854
1,prefixSum,budget:0.25,8,11.289806000015233
1,prefixSum,budget:0.25,9,10.645344999997178
1,prefixSum,budget:0.25,10,11.375181999988854
1,prefixSum,budget:0.25,11,12.395465000008699
1,prefixSum,budget:0.25,12,10.887057000014465
1,prefixSum,budget:0.25,13,10.549808999989182
1,prefixSum,budget:0.25,14,10.531283000018448
1,prefixSum,budget:0.25,15,12.184299000015017
1,prefixSum,budget:0.25,16,11.396443000005092
1,prefixSum,budget:0.25,17,11.033697000006214
1,prefixSum,budget:0.25,18,10.672915000002831
1,prefixSum,budget:0.25,19,10.600263000000268
1,prefixSum,budget:0.25,20,10.576213000022108
1,prefixSum,budget:0.25,21,11.54455700001563
1,prefixSum,budget:0.25,22,10.862972000002628
1,prefixSum,budget:0.25,23,10.609903999982635
1,prefixSum,budget:0.25,24,13.199693000002299
1,prefixSum,budget:0.25,25,11.265513000020292
1,prefixSum,budget:0.25,26,10.696398999978555
1,prefixSum,budget:0.25,27,10.917278000008082
1,prefixSum,budget:0.25,28,10.618709000002127
1,prefixSum,budget:0.25,29,10.580492999986745
1,prefixSum,budget:0.5,0,10.652455000003101
1,prefixSum,budget:0.5,1,10.963151000003563
1,prefixSum,budget:0.5,2,11.0963590000174
1,prefixSum,budget:0.5,3,11.693633999995654
1,prefixSum,budget:0.5,4,11.313801999989664
1,prefixSum,budget:0.5,5,11.948257000010926
1,prefixSum,budget:0.5,6,10.592547000007471
1,prefixSum,budget:0.5,7,11.805430999986129
1,prefixSum,budget:0.5,8,11.713845999998739
1,prefixSum,budget:0.5,9,11.639263999997638
1,prefixSum,budget:0.5,10,11.063174999988405
1,prefixSum,budget:0.5,11,12.127855999977328
1,prefixSum,budget:0.5,12,12.059376000019256
1,prefixSum,budget:0.5,13,12.072733999986667
1,prefixSum,budget:0.5,14,11.99053000001004
1,prefixSum,budget:0.5,15,11.377830000012182
1,prefixSum,budget:0.5,16,11.816198000014992
1,prefixSum,budget:0.5,17,11.449594000005163
1,prefixSum,budget:0.5,18,12.105939000000944
1,prefixSum,budget:0.5,19,11.52472200000193
1,prefixSum,budget:0.5,20,11.00914899999043
1,prefixSum,budget:0.5,21,10.946082999987993
1,prefixSum,budget:0.5,22,11.46725499999593
1,prefixSum,budget:0.5,23,11.564583999977913
1,prefixSum,budget:0.5,24,11.14419099999941
1,prefixSum,budget:0.5,25,10.618324000010034
1,prefixSum,budget:0.5,26,12.250406000006478
1,prefixSum,budget:0.5,27,11.79191100000753
1,prefixSum,budget:0.5,28,10.536971000023186
1,prefixSum,budget:0.5,29,10.612401000020327
1,prefixSum,chuang,0,11.362457000010181
1,prefixSum,chuang,1,10.602091000007931
1,prefixSum,chuang,2,10.706615000002785
1,prefixSum,chuang,3,10.743201000004774
1,prefixSum,chuang,4,10.86783099998138
1,prefixSum,chuang,5,10.586734000011347
1,prefixSum,chuang,6,10.611050000006799
1,prefixSum,chuang,7,10.766353999992134
1,prefixSum,chuang,8,10.696713999990607
1,prefixSum,chuang,9,11.387151999981143
1,prefixSum,chuang,10,12.186160999990534
1,prefixSum,chuang,11,11.2790559999994
1,prefixSum,chuang,12,12.839414999994915
1,prefixSum,chuang,13,10.797148999990895
1,prefixSum,chuang,14,10.509445000003325
1,prefixSum,chuang,15,12.593714999995427
1,prefixSum,chuang,16,12.771658999990905
1,prefixSum,chuang,17,11.195747999998275
1,prefixSum,chuang,18,11.021516999986488
1,prefixSum,chuang,19,10.678572000004351
1,prefixSum,chuang,20,11.14964200000395
1,prefixSum,chuang,21,10.561708000022918
1,prefixSum,chuang,22,10.682042999978876
1,prefixSum,chuang,23,10.643084000010276
1,prefixSum,chuang,24,11.030662999983178
1,prefixSum,chuang,25,10.612651000003098
1,prefixSum,chuang,26,10.728020000009565
1,prefixSum,chuang,27,10.95990799998981
1,prefixSum,chuang,28,10.960828999988735
1,prefixSum,chuang,29,11.14516499999445
1,dot,none,0,9.874466999986907
1,dot,none,1,10.374748000002
1,dot,none,2,10.089642000006279
1,dot,none,3,11.489386999979615
1,dot,none,4,10.415691999980481
1,dot,none,5,9.22385999999824
1,dot,none,6,11.58617600001162
1,dot,none,7,9.235230000020238
1,dot,none,8,9.405865000007907
1,dot,none,9,9.489845000003697
1,dot,none,10,14.031623000017134
1,dot,none,11,11.963602000003448
1,dot,none,12,11.951975999982096
1,dot,none,13,10.116520999989007
1,dot,none,14,11.223927000013646
1,dot,none,15,9.536969000007957
1,dot,none,16,10.283992000011494
1,dot,none,17,9.38688400000683
1,dot,none,18,10.10080499999458
1,dot,none,19,9.610760999988997
1,dot,none,20,9.117541000014171
1,dot,none,21,9.26305599999614
1,dot,none,22,12.503770999988774
1,dot,none,23,9.196541000012076
1,dot,none,24,9.240291000023717
1,dot,none,25,9.395255000010366
1,dot,none,26,9.39635900000576
1,dot,none,27,9.164065999997547
1,dot,none,28,9.109865000005811
1,dot,none,29,9.12492299999576
1,dot,full,0,12.450676999986172
1,dot,full,1,11.21416400000453
1,dot,full,2,10.969890000007581
1,dot,full,3,10.819514000002528
1,dot,full,4,11.287038000009488
1,dot,full,5,11.028120000002673
1,dot,full,6,11.007555999996839
1,dot,full,7,11.167573999991873
1,dot,full,8,11.040445999999065
1,dot,full,9,11.213059000001522
1,dot,full,10,11.706451999983983
1,dot,full,11,11.160644999996293
1,dot,full,12,11.289934999978868
1,dot,full,13,10.67484200000763
1,dot,full,14,11.545437000022503
1,dot,full,15,12.428274999983842
1,dot,full,16,10.869853999989573
1,dot,full,17,15.567030000005616
1,dot,full,18,11.330543999996735
1,dot,full,19,12.757171000004746
1,dot,full,20,11.066473000013502
1,dot,full,21,11.531497999996645
1,dot,full,22,11.043007000000216
1,dot,full,23,12.400875000021188
1,dot,full,24,13.806696000014199
1,dot,full,25,10.887828000006266
1,dot,full,26,12.794148999993922
1,dot,full,27,11.599997999990592
1,dot,full,28,10.934961000020849
1,dot,full,29,11.31972400000086
1,dot,proof,0,15.947607999987667
1,dot,proof,1,15.62345399998594
1,dot,proof,2,15.57339099998353
1,dot,proof,3,15.477409999992233
1,dot,proof,4,14.461796999996295
1,dot,proof,5,13.609951999998884
1,dot,proof,6,10.581281999999192
1,dot,proof,7,9.936409999994794
1,dot,proof,8,10.866176000010455
1,dot,proof,9,9.797223999979906
1,dot,proof,10,10.335508999996819
1,dot,proof,11,11.363389000005554
1,dot,proof,12,12.057702999998583
1,dot,proof,13,11.840985000017099
1,dot,proof,14,11.747340000001714
1,dot,proof,15,13.065821999975014
1,dot,proof,16,10.826439999975264
1,dot,proof,17,10.234384000010323
1,dot,proof,18,11.220127000007778
1,dot,proof,19,14.619230000011157
1,dot,proof,20,10.64607899999828
1,dot,proof,21,10.565433000010671
1,dot,proof,22,10.731949999986682
1,dot,proof,23,11.370196999982
1,dot,proof,24,10.924188999983016
1,dot,proof,25,15.29558099998394
1,dot,proof,26,12.032701999996789
1,dot,proof,27,11.570818999985931
1,dot,proof,28,10.958451999991667
1,dot,proof,29,11.468365000007907
1,dot,strict,0,9.265520999993896
1,dot,strict,1,10.214554000005592
1,dot,strict,2,11.083194999984698
1,dot,strict,3,11.151413999992656
1,dot,strict,4,9.446736999991117
1,dot,strict,5,10.078043999994406
1,dot,strict,6,9.481622999999672
1,dot,strict,7,10.082629000011366
1,dot,strict,8,9.649558000004617
1,dot,strict,9,9.346821000013733
1,dot,strict,10,9.654710000002524
1,dot,strict,11,9.339519000001019
1,dot,strict,12,9.252406999992672
1,dot,strict,13,9.275376000005053
1,dot,strict,14,9.210915000003297
1,dot,strict,15,9.394194000022253
1,dot,strict,16,9.291144999995595
1,dot,strict,17,9.289063000003807
1,dot,strict,18,9.270122999994783
1,dot,strict,19,15.609124999988126
1,dot,strict,20,12.275834000000032
1,dot,strict,21,10.595276000007289
1,dot,strict,22,10.849222999997437
1,dot,strict,23,15.697741999989375
1,dot,strict,24,11.463822999998229
1,dot,strict,25,12.741181999997934
1,dot,strict,26,11.475295999989612
1,dot,strict,27,16.511974000022747
1,dot,strict,28,17.10463499999605
1,dot,strict,29,15.6790500000061
1,dot,balanced,0,9.89936900002067
1,dot,balanced,1,9.422584000014467
1,dot,balanced,2,9.156484000006458
1,dot,balanced,3,10.188374999997905
1,dot,balanced,4,10.383866999996826
1,dot,balanced,5,9.174817999999505
1,dot,balanced,6,9.214196999993874
1,dot,balanced,7,9.14715000000433
1,dot,balanced,8,10.560964000003878
1,dot,balanced,9,10.220295000006445
1,dot,balanced,10,10.419800000003306
1,dot,balanced,11,11.458918000018457
1,dot,balanced,12,9.711905000003753
1,dot,balanced,13,10.242939000017941
1,dot,balanced,14,9.373250999982702
1,dot,balanced,15,9.226075000013225
1,dot,balanced,16,9.741497999988496
1,dot,balanced,17,9.374181999999564
1,dot,balanced,18,10.807039000006625
1,dot,balanced,19,10.619375000009313
1,dot,balanced,20,11.923554000008153
1,dot,balanced,21,9.39807200001087
1,dot,balanced,22,9.375242999987677
1,dot,balanced,23,9.586450000002515
1,dot,balanced,24,9.728960000007646
1,dot,balanced,25,9.578638000006322
1,dot,balanced,26,9.16375199999311
1,dot,balanced,27,9.332323000009637
1,dot,balanced,28,9.29132099999697
1,dot,balanced,29,9.245036999986041
1,dot,performance,0,9.59424200002104
1,dot,performance,1,9.134448999975575
1,dot,performance,2,9.298199999990175
1,dot,performance,3,9.106456999987131
1,dot,performance,4,9.652898000000278
1,dot,performance,5,9.05791999999201
1,dot,performance,6,9.407054999988759
1,dot,performance,7,9.238068000006024
1,dot,performance,8,9.135339000000386
1,dot,performance,9,9.077750000025844
1,dot,performance,10,9.174586000008276
1,dot,performance,11,9.155076000024565
1,dot,performance,12,9.119751999998698
1,dot,performance,13,9.081463000009535
1,dot,performance,14,9.339832999976352
1,dot,performance,15,9.240118999994593
1,dot,performance,16,9.126558000018122
1,dot,performance,17,9.120867999998154
1,dot,performance,18,9.284673999994993
1,dot,performance,19,10.285800999990897
1,dot,performance,20,9.771321000007447
1,dot,performance,21,9.481790999998339
1,dot,performance,22,9.327352999971481
1,dot,performance,23,9.337165999982972
1,dot,performance,24,10.745071999990614
1,dot,performance,25,9.31187800000771
1,dot,performance,26,9.082249999977648
1,dot,performance,27,9.126831000001403
1,dot,performance,28,9.10217100000591
1,dot,performance,29,9.038205999997444
1,dot,budget:0.25,0,9.200918999995338
1,dot,budget:0.25,1,9.138287000008859
1,dot,budget:0.25,2,9.259189999982482
1,dot,budget:0.25,3,9.244130999984918
1,dot,budget:0.25,4,9.181070999999065
1,dot,budget:0.25,5,9.237148000014713
1,dot,budget:0.25,6,9.075333000015235
1,dot,budget:0.25,7,9.200742999993963
1,dot,budget:0.25,8,9.157818000006955
1,dot,budget:0.25,9,9.101817999995546
1,dot,budget:0.25,10,9.25949200001196
1,dot,budget:0.25,11,9.128152000019327
1,dot,budget:0.25,12,9.43855099999928
1,dot,budget:0.25,13,11.07852300000377
1,dot,budget:0.25,14,12.11009999999078
1,dot,budget:0.25,15,14.7148659999948
1,dot,budget:0.25,16,9.824642999999924
1,dot,budget:0.25,17,11.653717999986839
1,dot,budget:0.25,18,10.317189000023063
1,dot,budget:0.25,19,14.383116000011796
1,dot,budget:0.25,20,11.914069999998901
1,dot,budget:0.25,21,10.693405999976676
1,dot,budget:0.25,22,9.238023999991128
1,dot,budget:0.25,23,9.148264999996172
1,dot,budget:0.25,24,9.227527999988524
1,dot,budget:0.25,25,9.144843000016408
1,dot,budget:0.25,26,9.194319999980507
1,dot,budget:0.25,27,9.807051000010688
1,dot,budget:0.25,28,9.404719999991357
1,dot,budget:0.25,29,9.394050999981118
1,dot,budget:0.5,0,9.285444999986794
1,dot,budget:0.5,1,9.291221999999834
1,dot,budget:0.5,2,9.455409999995027
1,dot,budget:0.5,3,9.316206999996211
1,dot,budget:0.5,4,9.54030199997942
1,dot,budget:0.5,5,9.502214999985881
1,dot,budget:0.5,6,9.314303999999538
1,dot,budget:0.5,7,9.435839999991003
1,dot,budget:0.5,8,9.432903999986593
1,dot,budget:0.5,9,9.2957779999997
1,dot,budget:0.5,10,9.376063000003342
1,dot,budget:0.5,11,9.404075999977067
1,dot,budget:0.5,12,9.529521000018576
1,dot,budget:0.5,13,10.25037599998177
1,dot,budget:0.5,14,9.698919999995269
1,dot,budget:0.5,15,9.832097000005888
1,dot,budget:0.5,16,9.261524000001373
1,dot,budget:0.5,17,9.512607000011485
1,dot,budget:0.5,18,12.222710000001825
1,dot,budget:0.5,19,12.19720199998119
1,dot,budget:0.5,20,12.343144000013126
1,dot,budget:0.5,21,12.308697000000393
1,dot,budget:0.5,22,12.428702000004705
1,dot,budget:0.5,23,12.280170000012731
1,dot,budget:0.5,24,12.310965000011493
1,dot,budget:0.5,25,12.42543700002716
1,dot,budget:0.5,26,12.352814000012586
1,dot,budget:0.5,27,13.12268200001563
1,dot,budget:0.5,28,11.62370500000543
1,dot,budget:0.5,29,11.618249999999534
1,dot,chuang,0,12.126661000016611
1,dot,chuang,1,12.062393000000156
1,dot,chuang,2,12.16217300001881
1,dot,chuang,3,12.345377999998163
1,dot,chuang,4,10.721114000014495
1,dot,chuang,5,10.5427169999748
1,dot,chuang,6,11.068842000007862
1,dot,chuang,7,12.212628999986919
1,dot,chuang,8,12.053627999994205
1,dot,chuang,9,11.691465999989305
1,dot,chuang,10,9.485110000008717
1,dot,chuang,11,9.235723000019789
1,dot,chuang,12,9.118745999992825
1,dot,chuang,13,9.340732999989996
1,dot,chuang,14,9.137354000005871
1,dot,chuang,15,9.220411999995122
1,dot,chuang,16,9.32243900001049
1,dot,chuang,17,9.303066999971634
1,dot,chuang,18,9.359287999977823
1,dot,chuang,19,9.286615999997593
1,dot,chuang,20,9.416511999996146
1,dot,chuang,21,9.327831999980845
1,dot,chuang,22,9.23576400001184
1,dot,chuang,23,9.241915999999037
1,dot,chuang,24,10.272581999975955
1,dot,chuang,25,9.23651100002462
1,dot,chuang,26,9.374232000001939
1,dot,chuang,27,9.617914000002202
1,dot,chuang,28,9.401582999998936
1,dot,chuang,29,9.19736799999373
1,axpy,none,0,12.564633999980288
1,axpy,none,1,12.660728000017116
1,axpy,none,2,12.5633450000023
1,axpy,none,3,12.609265999984927
1,axpy,none,4,12.643246999999974
1,axpy,none,5,12.603192000009585
1,axpy,none,6,12.65441099999589
1,axpy,none,7,12.425657999992836
1,axpy,none,8,12.586802000005264
1,axpy,none,9,12.71989300000132
1,axpy,none,10,12.621654999995371
1,axpy,none,11,12.674234000005526
1,axpy,none,12,12.654205000028014
1,axpy,none,13,11.540016000013566
1,axpy,none,14,12.291435999999521
1,axpy,none,15,12.215728999988642
1,axpy,none,16,12.442038999986835
1,axpy,none,17,11.297556000004988
1,axpy,none,18,10.512997999991057
1,axpy,none,19,10.228363000001991
1,axpy,none,20,9.073105000017677
1,axpy,none,21,9.326020999986213
1,axpy,none,22,9.468419999990147
1,axpy,none,23,9.477463999995962
1,axpy,none,24,9.227129000006244
1,axpy,none,25,9.079778999992413
1,axpy,none,26,9.207571000006283
1,axpy,none,27,11.44529699999839
1,axpy,none,28,10.160942999995314
1,axpy,none,29,12.850520999985747
1,axpy,full,0,13.509866999986116
1,axpy,full,1,17.304377000022214
1,axpy,full,2,13.448510999995051
1,axpy,full,3,17.555226999975275
1,axpy,full,4,14.393581000011181
1,axpy,full,5,17.555223000003025
1,axpy,full,6,14.035025000019232
1,axpy,full,7,13.60812600000645
1,axpy,full,8,16.461483999999473
1,axpy,full,9,18.375181999988854
1,axpy,full,10,16.966161999996984
1,axpy,full,11,15.029793000023346
1,axpy,full,12,15.14027200001874
1,axpy,full,13,13.648661000013817
1,axpy,full,14,13.423881000024267
1,axpy,full,15,15.292467999999644
1,axpy,full,16,14.415597000013804
1,axpy,full,17,13.292249999998603
1,axpy,full,18,13.222500999982003
1,axpy,full,19,13.762186000007205
1,axpy,full,20,12.851689000002807
1,axpy,full,21,12.870777000003727
1,axpy,full,22,13.018103000009432
1,axpy,full,23,15.268186000001151
1,axpy,full,24,14.997919999994338
1,axpy,full,25,13.173806000006152
1,axpy,full,26,13.76241399999708
1,axpy,full,27,12.947298000013689
1,axpy,full,28,13.58076599999913
1,axpy,full,29,13.272051000007195
1,axpy,proof,0,13.640196000022115
1,axpy,proof,1,13.041196000005584
1,axpy,proof,2,13.278954999987036
1,axpy,proof,3,13.272295000002487
1,axpy,proof,4,12.94746799999848
1,axpy,proof,5,13.094214000011561
1,axpy,proof,6,13.134330000000773
1,axpy,proof,7,15.343196000001626
1,axpy,proof,8,13.854317999997875
1,axpy,proof,9,15.972993000003044
1,axpy,proof,10,13.876107999996748
1,axpy,proof,11,17.93565700002364
1,axpy,proof,12,14.537381000001915
1,axpy,proof,13,13.022943000018131
1,axpy,proof,14,13.447000999993179
1,axpy,proof,15,13.592023000004701
1,axpy,proof,16,13.085269000002882
1,axpy,proof,17,12.99381899999571
1,axpy,proof,18,13.77875800000038
1,axpy,proof,19,13.215108000003966
1,axpy,proof,20,13.381346000009216
1,axpy,proof,21,12.87854000000516
1,axpy,proof,22,13.070123000012245
1,axpy,proof,23,15.300928000011481
1,axpy,proof,24,14.955354999983683
1,axpy,proof,25,22.309942000021692
1,axpy,proof,26,22.291702000016812
1,axpy,proof,27,22.510826000012457
1,axpy,proof,28,16.020114999992074
1,axpy,proof,29,14.596821000013733
1,axpy,strict,0,10.865864999999758
1,axpy,strict,1,10.873447999998461
1,axpy,strict,2,10.69320899999002
1,axpy,strict,3,10.267261999979382
1,axpy,strict,4,10.78999200000544
1,axpy,strict,5,10.42985200000112
1,axpy,strict,6,10.365040000004228
1,axpy,strict,7,10.454418999986956
1,axpy,strict,8,10.946402000001399
1,axpy,strict,9,10.428734000015538
1,axpy,strict,10,10.144492999999784
1,axpy,strict,11,10.80145800000173
1,axpy,strict,12,10.922571999981301
1,axpy,strict,13,10.453134999988833
1,axpy,strict,14,10.183308000006946
1,axpy,strict,15,11.02027900001849
1,axpy,strict,16,10.39401699998416
1,axpy,strict,17,11.32675899998867
1,axpy,strict,18,12.95985000001383
1,axpy,strict,19,13.004970000009052
1,axpy,strict,20,13.128970000019763
1,axpy,strict,21,10.29782599999453
1,axpy,strict,22,10.713939999986906
1,axpy,strict,23,10.697566000017105
1,axpy,strict,24,11.49857900000643
1,axpy,strict,25,13.175606000004336
1,axpy,strict,26,10.449248999997508
1,axpy,strict,27,10.345758999988902
1,axpy,strict,28,10.222347000002628
1,axpy,strict,29,10.215167999995174
1,axpy,balanced,0,9.13556399999652
1,axpy,balanced,1,9.913841000001412
1,axpy,balanced,2,9.100069000007352
1,axpy,balanced,3,9.122134999983246
1,axpy,balanced,4,9.486527000000933
1,axpy,balanced,5,10.529807999992045
1,axpy,balanced,6,15.340036999987205
1,axpy,balanced,7,18.49801199999638
1,axpy,balanced,8,13.535073999984888
1,axpy,balanced,9,12.078266999975313
1,axpy,balanced,10,9.072016000020085
1,axpy,balanced,11,9.003794999996899
1,axpy,balanced,12,9.141639999987092
1,axpy,balanced,13,9.03303700001561
1,axpy,balanced,14,9.11889300000621
1,axpy,balanced,15,9.071935000014491
1,axpy,balanced,16,9.070631999988109
1,axpy,balanced,17,9.12029099999927
1,axpy,balanced,18,9.114044999994803
1,axpy,balanced,19,9.130339000024833
1,axpy,balanced,20,8.997946999996202
1,axpy,balanced,21,9.05938999998034
1,axpy,balanced,22,9.04851600000984
1,axpy,balanced,23,9.063559000001987
1,axpy,balanced,24,9.012854000000516
1,axpy,balanced,25,9.008414000010816
1,axpy,balanced,26,9.159431999985827
1,axpy,balanced,27,8.98036799998954
1,axpy,balanced,28,8.996853000018746
1,axpy,balanced,29,9.062021999998251
1,axpy,performance,0,9.016376000014134
1,axpy,performance,1,9.035017000016524
1,axpy,performance,2,9.033235000009881
1,axpy,performance,3,9.081455000006827
1,axpy,performance,4,9.034708999999566
1,axpy,performance,5,9.0169220000098
1,axpy,performance,6,9.048429999995278
1,axpy,performance,7,8.992887000000337
1,axpy,performance,8,9.017202000017278
1,axpy,performance,9,9.060816999990493
1,axpy,performance,10,9.061016999999993
1,axpy,performance,11,9.15350899999612
1,axpy,performance,12,9.019756000023335
1,axpy,performance,13,9.140756999986479
1,axpy,performance,14,9.18099500000244
1,axpy,performance,15,9.039025000005495
1,axpy,performance,16,9.082020000001648
1,axpy,performance,17,9.134642999997595
1,axpy,performance,18,9.130627000005916
1,axpy,performance,19,9.061476999981096
1,axpy,performance,20,9.169410000002244
1,axpy,performance,21,9.033662000001641
1,axpy,performance,22,9.05307300001732
1,axpy,performance,23,9.108092000009492
1,axpy,performance,24,9.587246000010055
1,axpy,performance,25,9.807714999973541
1,axpy,performance,26,9.106786999996984
1,axpy,performance,27,10.15318500000285
1,axpy,performance,28,9.4926470000064
1,axpy,performance,29,10.546394000004511
1,axpy,budget:0.25,0,9.25010000000475
1,axpy,budget:0.25,1,9.15254099998856
1,axpy,budget:0.25,2,9.502578000014182
1,axpy,budget:0.25,3,11.100187000003643
1,axpy,budget:0.25,4,10.234920000017155
1,axpy,budget:0.25,5,9.270404000009876
1,axpy,budget:0.25,6,10.011759999993956
1,axpy,budget:0.25,7,9.592648000019835
1,axpy,budget:0.25,8,9.330748999986099
1,axpy,budget:0.25,9,9.703038999985438
1,axpy,budget:0.25,10,9.501067999983206
1,axpy,budget:0.25,11,9.464292000018759
1,axpy,budget:0.25,12,9.373506000003545
1,axpy,budget:0.25,13,9.616500000003725
1,axpy,budget:0.25,14,9.192390000011073
1,axpy,budget:0.25,15,9.336028000019724
1,axpy,budget:0.25,16,9.621088000014424
1,axpy,budget:0.25,17,9.342063999996753
1,axpy,budget:0.25,18,9.176701999997022
1,axpy,budget:0.25,19,9.21107600000687
1,axpy,budget:0.25,20,13.666110999998637
1,axpy,budget:0.25,21,9.057927999994718
1,axpy,budget:0.25,22,9.102598000026774
1,axpy,budget:0.25,23,9.187711000005947
1,axpy,budget:0.25,24,9.04313700000057
1,axpy,budget:0.25,25,9.042365999979666
1,axpy,budget:0.25,26,9.0862489999854
1,axpy,budget:0.25,27,9.116980000020703
1,axpy,budget:0.25,28,8.984851999994135
1,axpy,budget:0.25,29,9.109857999981614
1,axpy,budget:0.5,0,9.830600999994203
1,axpy,budget:0.5,1,10.983612999989418
1,axpy,budget:0.5,2,9.655770999990636
1,axpy,budget:0.5,3,12.914870999986306
1,axpy,budget:0.5,4,10.326918999984628
1,axpy,budget:0.5,5,9.446718000021065
1,axpy,budget:0.5,6,9.54248999999254
1,axpy,budget:0.5,7,9.618203999998514
1,axpy,budget:0.5,8,9.545100000017555
1,axpy,budget:0.5,9,10.127336000005016
1,axpy,budget:0.5,10,9.796056999999564
1,axpy,budget:0.5,11,9.738971000013407
1,axpy,budget:0.5,12,9.828418999997666
1,axpy,budget:0.5,13,10.310691999999108
1,axpy,budget:0.5,14,9.902006999996956
1,axpy,budget:0.5,15,9.727937999996357
1,axpy,budget:0.5,16,9.637369999982184
1,axpy,budget:0.5,17,9.46857500000624
1,axpy,budget:0.5,18,9.421492000023136
1,axpy,budget:0.5,19,9.512939000007464
1,axpy,budget:0.5,20,9.686227999976836
1,axpy,budget:0.5,21,9.564970999985235
1,axpy,budget:0.5,22,9.696744000015315
1,axpy,budget:0.5,23,9.421141999977408
1,axpy,budget:0.5,24,10.07025399999111
1,axpy,budget:0.5,25,9.564129000005778
1,axpy,budget:0.5,26,9.544997999997577
1,axpy,budget:0.5,27,9.403371000022162
1,axpy,budget:0.5,28,9.715667999989819
1,axpy,budget:0.5,29,9.74010699999053
1,axpy,chuang,0,11.35162699999637
1,axpy,chuang,1,10.913472000014735
1,axpy,chuang,2,10.678313999989768
1,axpy,chuang,3,10.763839999999618
1,axpy,chuang,4,11.011897999997018
1,axpy,chuang,5,10.633719999983441
1,axpy,chuang,6,11.122875000000931
1,axpy,chuang,7,11.079182999994373
1,axpy,chuang,8,11.214379999990342
1,axpy,chuang,9,12.28212699998403
1,axpy,chuang,10,10.720341000007465
1,axpy,chuang,11,10.69330000001355
1,axpy,chuang,12,11.074544999981299
1,axpy,chuang,13,10.745977000013227
1,axpy,chuang,14,10.906533000001218
1,axpy,chuang,15,13.052653999999166
1,axpy,chuang,16,15.548099000006914
1,axpy,chuang,17,15.841886000009254
1,axpy,chuang,18,15.548361000022851
1,axpy,chuang,19,15.570140000025276
1,axpy,chuang,20,15.681803999992553
1,axpy,chuang,21,15.269934000010835
1,axpy,chuang,22,15.642111000022851
1,axpy,chuang,23,11.67227399998228
1,axpy,chuang,24,11.470472999993945
1,axpy,chuang,25,11.017614000011235
1,axpy,chuang,26,11.257900000025984
1,axpy,chuang,27,11.322056000004523
1,axpy,chuang,28,11.951427000021795
1,axpy,chuang,29,11.66509200001019
1,matvec,none,0,9.169926999980817
1,matvec,none,1,8.889020000002347
1,matvec,none,2,8.756618999992497
1,matvec,none,3,8.237274999992223
1,matvec,none,4,8.414351000013994
1,matvec,none,5,8.214673999988008
1,matvec,none,6,8.684653000003891
1,matvec,none,7,8.547133000014583
1,matvec,none,8,8.314950999978464
1,matvec,none,9,9.950642000010703
1,matvec,none,10,8.655383000004804
1,matvec,none,11,9.309370000002673
1,matvec,none,12,8.39316800000961
1,matvec,none,13,8.612024999980349
1,matvec,none,14,8.352764999988722
1,matvec,none,15,8.496266999980435
1,matvec,none,16,8.561321999994107
1,matvec,none,17,8.550572000007378
1,matvec,none,18,8.500453000015114
1,matvec,none,19,8.668485000001965
1,matvec,none,20,8.697352000017418
1,matvec,none,21,10.457021999987774
1,matvec,none,22,8.740862000006018
1,matvec,none,23,12.025458000018261
1,matvec,none,24,8.804859999974724
1,matvec,none,25,9.411412999994354
1,matvec,none,26,11.60090200000559
1,matvec,none,27,9.58445799999754
1,matvec,none,28,8.820290000003297
1,matvec,none,29,8.43398500001058
1,matvec,full,0,11.562527999980375
1,matvec,full,1,11.788686999992933
1,matvec,full,2,11.829741000023205
1,matvec,full,3,11.891781000012998
1,matvec,full,4,11.919355000020005
1,matvec,full,5,12.119241999986116
1,matvec,full,6,12.052542999997968
1,matvec,full,7,11.472013999999035
1,matvec,full,8,12.133088999980828
1,matvec,full,9,11.34191099999589
1,matvec,full,10,12.144312999997055
1,matvec,full,11,13.994421000010334
1,matvec,full,12,13.963432999997167
1,matvec,full,13,16.143508999986807
1,matvec,full,14,15.407081000012113
1,matvec,full,15,14.507696999993641
1,matvec,full,16,16.81183500000043
1,matvec,full,17,19.068790999997873
1,matvec,full,18,18.880323000019416
1,matvec,full,19,19.73362199999974
1,matvec,full,20,18.95045899998513
1,matvec,full,21,19.933103999996092
1,matvec,full,22,19.162396999978228
1,matvec,full,23,19.3264720000152
1,matvec,full,24,19.080595000006724
1,matvec,full,25,19.11410900001647
1,matvec,full,26,19.370137999998406
1,matvec,full,27,19.416357999987667
1,matvec,full,28,19.37442799998098
1,matvec,full,29,13.891736000019591
1,matvec,proof,0,15.059549999976298
1,matvec,proof,1,18.48876200002269
1,matvec,proof,2,18.553355999989435
1,matvec,proof,3,18.606774999992922
1,matvec,proof,4,16.00485700002173
1,matvec,proof,5,16.579919000010705
1,matvec,proof,6,11.348430999991251
1,matvec,proof,7,11.549976000009337
1,matvec,proof,8,12.714626999979373
1,matvec,proof,9,19.057953999988968
1,matvec,proof,10,11.676588999980595
1,matvec,proof,11,11.90562500001397
1,matvec,proof,12,11.52693300001556
1,matvec,proof,13,11.8885790000204
1,matvec,proof,14,11.58858899999177
1,matvec,proof,15,12.045073999994202
1,matvec,proof,16,11.579408999998122
1,matvec,proof,17,11.424003000021912
1,matvec,proof,18,11.767373999988195
1,matvec,proof,19,11.36299599998165
1,matvec,proof,20,11.891834999987623
1,matvec,proof,21,11.397009000007529
1,matvec,proof,22,11.736078999994788
1,matvec,proof,23,12.701407000015024
1,matvec,proof,24,13.171411999996053
1,matvec,proof,25,16.00326099997619
1,matvec,proof,26,12.305443999997806
1,matvec,proof,27,12.656377999985125
1,matvec,proof,28,11.965224000014132
1,matvec,proof,29,14.037014000001363
1,matvec,strict,0,11.489027000003261
1,matvec,strict,1,10.235736000002362
1,matvec,strict,2,10.409316000004765
1,matvec,strict,3,12.345482999982778
1,matvec,strict,4,10.561267000011867
1,matvec,strict,5,10.297158000001218
1,matvec,strict,6,10.503970999998273
1,matvec,strict,7,10.06775600000401
1,matvec,strict,8,10.09048199999961
1,matvec,strict,9,9.98594499999308
1,matvec,strict,10,21.454947999998694
1,matvec,strict,11,13.794676999998046
1,matvec,strict,12,15.133816999994451
1,matvec,strict,13,15.098454999999376
1,matvec,strict,14,15.354445000004489
1,matvec,strict,15,13.567616000014823
1,matvec,strict,16,10.377645000000484
1,matvec,strict,17,10.236585000006016
1,matvec,strict,18,10.082502999983262
1,matvec,strict,19,10.192178000026615
1,matvec,strict,20,10.911098000011407
1,matvec,strict,21,22.990660999988904
1,matvec,strict,22,22.173024999996414
1,matvec,strict,23,19.09747999999672
1,matvec,strict,24,15.261323999991873
1,matvec,strict,25,14.890088000014657
1,matvec,strict,26,12.517898999998579
1,matvec,strict,27,10.775471000000834
1,matvec,strict,28,10.225250999996206
1,matvec,strict,29,13.65771600001608
1,matvec,balanced,0,10.269717000017408
1,matvec,balanced,1,10.543495999998413
1,matvec,balanced,2,10.458363000012469
1,matvec,balanced,3,10.51345900000888
1,matvec,balanced,4,10.34519399999408
1,matvec,balanced,5,10.31560700002592
1,matvec,balanced,6,10.58363000000827
1,matvec,balanced,7,10.489234000007855
1,matvec,balanced,8,10.709130000002915
1,matvec,balanced,9,10.264377000014065
1,matvec,balanced,10,10.354117000009865
1,matvec,balanced,11,10.368883999995887
1,matvec,balanced,12,10.281282000010833
1,matvec,balanced,13,10.658723000000464
1,matvec,balanced,14,10.762407999980496
1,matvec,balanced,15,10.477636000025086
1,matvec,balanced,16,10.42840899998555
1,matvec,balanced,17,10.276381000003312
1,matvec,balanced,18,10.374642999988282
1,matvec,balanced,19,10.39094899999327
1,matvec,balanced,20,10.464394000009634
1,matvec,balanced,21,10.312135000014678
1,matvec,balanced,22,10.44846799998777
1,matvec,balanced,23,15.71787000002223
1,matvec,balanced,24,17.695188999990933
1,matvec,balanced,25,10.376325999997789
1,matvec,balanced,26,10.707792000001064
1,matvec,balanced,27,10.637831000000006
1,matvec,balanced,28,10.471056000009412
1,matvec,balanced,29,10.719049999985145
1,matvec,performance,0,8.963669999997364
1,matvec,performance,1,8.254710000008345
1,matvec,performance,2,8.223547999979928
1,matvec,performance,3,8.323123000009218
1,matvec,performance,4,8.627600000007078
1,matvec,performance,5,8.205684999993537
1,matvec,performance,6,8.288863000023412
1,matvec,performance,7,8.393720000021858
1,matvec,performance,8,8.232939999987138
1,matvec,performance,9,8.573420000000624
1,matvec,performance,10,8.308015999995405
1,matvec,performance,11,8.475793999998132
1,matvec,performance,12,8.294654999976046
1,matvec,performance,13,8.948365999996895
1,matvec,performance,14,9.049182999995537
1,matvec,performance,15,11.798527000006288
1,matvec,performance,16,12.409134999994421
1,matvec,performance,17,12.265340999991167
1,matvec,performance,18,8.282062000012957
1,matvec,performance,19,8.397322000004351
1,matvec,performance,20,8.666433000005782
1,matvec,performance,21,8.414561000012327
1,matvec,performance,22,8.289626999991015
1,matvec,performance,23,9.249085999996169
1,matvec,performance,24,13.352863000007346
1,matvec,performance,25,12.62235999997938
1,matvec,performance,26,12.856456999987131
1,matvec,performance,27,12.390268999995897
1,matvec,performance,28,12.325712999998359
1,matvec,performance,29,12.890363999991678
1,matvec,budget:0.25,0,8.916909999999916
1,matvec,budget:0.25,1,9.03379699998186
1,matvec,budget:0.25,2,8.991731999994954
1,matvec,budget:0.25,3,9.606391000008443
1,matvec,budget:0.25,4,8.863624999998137
1,matvec,budget:0.25,5,9.54515600000741
1,matvec,budget:0.25,6,13.321563000004971
1,matvec,budget:0.25,7,13.147705000010319
1,matvec,budget:0.25,8,13.47642000002088
1,matvec,budget:0.25,9,13.241544999997132
1,matvec,budget:0.25,10,13.47468200000003
1,matvec,budget:0.25,11,13.578135999996448
1,matvec,budget:0.25,12,10.035872999986168
1,matvec,budget:0.25,13,9.11535599999479
1,matvec,budget:0.25,14,9.069543000019621
1,matvec,budget:0.25,15,9.22580200000084
1,matvec,budget:0.25,16,9.235889000003226
1,matvec,budget:0.25,17,9.036393000016687
1,matvec,budget:0.25,18,9.160342000017408
1,matvec,budget:0.25,19,9.035623000003397
1,matvec,budget:0.25,20,9.06259700001101
1,matvec,budget:0.25,21,9.059679999976652
1,matvec,budget:0.25,22,9.909802999987733
1,matvec,budget:0.25,23,9.48108100000536
1,matvec,budget:0.25,24,9.214533999998821
1,matvec,budget:0.25,25,10.7539580000157
1,matvec,budget:0.25,26,9.78904600001988
1,matvec,budget:0.25,27,9.343882999994094
1,matvec,budget:0.25,28,9.069163999985904
1,matvec,budget:0.25,29,9.770186000008835
1,matvec,budget:0.5,0,9.784580000006827
1,matvec,budget:0.5,1,9.436616999999387
1,matvec,budget:0.5,2,9.122117999999318
1,matvec,budget:0.5,3,10.17035100000794
1,matvec,budget:0.5,4,9.352953000023263
1,matvec,budget:0.5,5,9.075004999991506
1,matvec,budget:0.5,6,9.05776299998979
1,matvec,budget:0.5,7,9.526692000014009
1,matvec,budget:0.5,8,9.137556000001496
1,matvec,budget:0.5,9,9.201227000012295
1,matvec,budget:0.5,10,9.052379000000656
1,matvec,budget:0.5,11,12.91137700001127
1,matvec,budget:0.5,12,13.077355999994325
1,matvec,budget:0.5,13,13.141483999992488
1,matvec,budget:0.5,14,13.600035000010394
1,matvec,budget:0.5,15,13.085359999997308
1,matvec,budget:0.5,16,9.33410599999479
1,matvec,budget:0.5,17,9.489291999983834
1,matvec,budget:0.5,18,9.421042000001762
1,matvec,budget:0.5,19,9.131090000009863
1,matvec,budget:0.5,20,9.147079999995185
1,matvec,budget:0.5,21,9.004316000005929
1,matvec,budget:0.5,22,9.066817999992054
1,matvec,budget:0.5,23,9.135004999989178
1,matvec,budget:0.5,24,8.925277000002097
1,matvec,budget:0.5,25,8.959711999981664
1,matvec,budget:0.5,26,9.71099300001515
1,matvec,budget:0.5,27,10.172981000010623
1,matvec,budget:0.5,28,9.57276800001273
1,matvec,budget:0.5,29,9.216366999986349
1,matvec,chuang,0,8.682403999991948
1,matvec,chuang,1,8.73445200000424
1,matvec,chuang,2,8.581303000013577
1,matvec,chuang,3,8.504572000005282
1,matvec,chuang,4,8.74870200001169
1,matvec,chuang,5,8.631202999997186
1,matvec,chuang,6,12.30452599999262
1,matvec,chuang,7,12.286991000000853
1,matvec,chuang,8,12.187609000015073
1,matvec,chuang,9,10.884147000004305
1,matvec,chuang,10,10.38538800002425
1,matvec,chuang,11,8.421447000000626
1,matvec,chuang,12,9.107293000008212
1,matvec,chuang,13,8.672526000009384
1,matvec,chuang,14,9.612028000003193
1,matvec,chuang,15,8.953315999999177
1,matvec,chuang,16,9.816950000007637
1,matvec,chuang,17,9.872594999993453
1,matvec,chuang,18,12.40462500002468
1,matvec,chuang,19,9.754895999998553
1,matvec,chuang,20,8.760830000013812
1,matvec,chuang,21,9.303787000011653
1,matvec,chuang,22,8.451773999986472
1,matvec,chuang,23,8.744533000019146
1,matvec,chuang,24,9.243536000023596
1,matvec,chuang,25,8.53398800001014
1,matvec,chuang,26,10.078083000000333
1,matvec,chuang,27,10.545088999992004
1,matvec,chuang,28,12.26410499998019
1,matvec,chuang,29,10.874295999994501
1,stencil,none,0,12.257924000005005
1,stencil,none,1,11.52903299999889
1,stencil,none,2,13.342086999997264
1,stencil,none,3,10.990204999980051
1,stencil,none,4,10.526169999997364
1,stencil,none,5,10.40621800001827
1,stencil,none,6,10.916276000003563
1,stencil,none,7,10.98168500000611
1,stencil,none,8,12.771869999996852
1,stencil,none,9,11.00720100000035
1,stencil,none,10,10.971235999983037
1,stencil,none,11,13.635455000010552
1,stencil,none,12,13.091286000009859
1,stencil,none,13,10.713110999990022
1,stencil,none,14,11.91718600000604
1,stencil,none,15,13.649834000010742
1,stencil,none,16,11.114616000006208
1,stencil,none,17,12.145727000024635
1,stencil,none,18,11.568854999990435
1,stencil,none,19,12.07727100001648
1,stencil,none,20,12.29141800000798
1,stencil,none,21,11.20456600000034
1,stencil,none,22,13.407460999995237
1,stencil,none,23,12.639896000007866
1,stencil,none,24,12.294064999994589
1,stencil,none,25,11.264400999993086
1,stencil,none,26,12.056148000003304
1,stencil,none,27,11.749937000015052
1,stencil,none,28,11.254387000022689
1,stencil,none,29,11.266086999996332
1,stencil,full,0,18.51259100000607
1,stencil,full,1,16.205125000007683
1,stencil,full,2,20.80232600000454
1,stencil,full,3,22.053759000002174
1,stencil,full,4,24.088449999981094
1,stencil,full,5,17.007096999994246
1,stencil,full,6,14.95602099999087
1,stencil,full,7,15.365554999996675
1,stencil,full,8,15.13422300000093
1,stencil,full,9,16.436275999993086
1,stencil,full,10,19.372787999978755
1,stencil,full,11,20.886043999984395
1,stencil,full,12,22.15796599999885
1,stencil,full,13,19.42388999997638
1,stencil,full,14,19.430991000001086
1,stencil,full,15,21.567924000002677
1,stencil,full,16,23.428736000001663
1,stencil,full,17,24.143190000002505
1,stencil,full,18,21.06050699998741
1,stencil,full,19,22.279013999999734
1,stencil,full,20,22.31953499998781
1,stencil,full,21,22.535785000014585
1,stencil,full,22,21.48937600001227
1,stencil,full,23,21.819493000017246
1,stencil,full,24,21.06840300001204
1,stencil,full,25,22.777601000008872
1,stencil,full,26,14.986493999982486
1,stencil,full,27,18.048217999981716
1,stencil,full,28,16.143349999998463
1,stencil,full,29,16.707399000006262
1,stencil,proof,0,21.419542999996338
1,stencil,proof,1,21.314489999989746
1,stencil,proof,2,18.508396999997785
1,stencil,proof,3,18.14150100000552
1,stencil,proof,4,19.587309999973513
1,stencil,proof,5,18.226378999999724
1,stencil,proof,6,15.258541999995941
1,stencil,proof,7,19.217646999983117
1,stencil,proof,8,15.589307999995071
1,stencil,proof,9,15.765750999999
1,stencil,proof,10,15.553473000007216
1,stencil,proof,11,15.843861999979708
1,stencil,proof,12,29.201545000018086
1,stencil,proof,13,32.24599599998328
1,stencil,proof,14,31.867112000007182
1,stencil,proof,15,29.659244000009494
1,stencil,proof,16,15.81848699998227
1,stencil,proof,17,17.40445499998168
1,stencil,proof,18,19.841072999988683
1,stencil,proof,19,17.57239699998172
1,stencil,proof,20,15.232575000001816
1,stencil,proof,21,15.184844000003068
1,stencil,proof,22,15.066694000008283
1,stencil,proof,23,15.670494000019971
1,stencil,proof,24,19.125032000010833
1,stencil,proof,25,15.785820999997668
1,stencil,proof,26,16.070165999990422
1,stencil,proof,27,17.090821000019787
1,stencil,proof,28,18.913853000005474
1,stencil,proof,29,20.173749999987194
1,stencil,strict,0,25.719854999973904
1,stencil,strict,1,16.88810799998464
1,stencil,strict,2,14.835716000001412
1,stencil,strict,3,14.768700000015087
1,stencil,strict,4,14.926418000017293
1,stencil,strict,5,14.780021000013221
1,stencil,strict,6,14.796036999992793
1,stencil,strict,7,14.674720999988494
1,stencil,strict,8,14.927246000006562
1,stencil,strict,9,14.868190999986837
1,stencil,strict,10,14.878888000006555
1,stencil,strict,11,14.802449000009801
1,stencil,strict,12,14.763344999984838
1,stencil,strict,13,14.664488999987952
1,stencil,strict,14,14.797240999992937
1,stencil,strict,15,14.815146000008099
1,stencil,strict,16,15.023793000000296
1,stencil,strict,17,14.993935999984387
1,stencil,strict,18,14.905246999987867
1,stencil,strict,19,16.392006999987643
1,stencil,strict,20,15.844791000010446
1,stencil,strict,21,15.763972999993712
1,stencil,strict,22,16.729955999995582
1,stencil,strict,23,20.601127000001725
1,stencil,strict,24,19.397919000010006
1,stencil,strict,25,16.158173000003444
1,stencil,strict,26,15.482095000013942
1,stencil,strict,27,16.046314000006532
1,stencil,strict,28,17.173308999976143
1,stencil,strict,29,16.498660999990534
1,stencil,balanced,0,10.598227000009501
1,stencil,balanced,1,10.768703999987338
1,stencil,balanced,2,10.6831639999873
1,stencil,balanced,3,12.282036000018707
1,stencil,balanced,4,10.958218999992823
1,stencil,balanced,5,10.871782999980496
1,stencil,balanced,6,10.88578400001279
1,stencil,balanced,7,10.794301999994786
1,stencil,balanced,8,16.624234000017168
1,stencil,balanced,9,16.974944000015967
1,stencil,balanced,10,16.474545000004582
1,stencil,balanced,11,16.28304800001206
1,stencil,balanced,12,16.396569999982603
1,stencil,balanced,13,17.86783000000287
1,stencil,balanced,14,10.804054000007454
1,stencil,balanced,15,11.353457999997772
1,stencil,balanced,16,11.574028000002727
1,stencil,balanced,17,10.5712019999919
1,stencil,balanced,18,10.967012999986764
1,stencil,balanced,19,10.555446000013035
1,stencil,balanced,20,10.452705000003334
1,stencil,balanced,21,10.789557999989484
1,stencil,balanced,22,14.543084000004455
1,stencil,balanced,23,15.537366000004113
1,stencil,balanced,24,15.57522900000913
1,stencil,balanced,25,15.514217999996617
1,stencil,balanced,26,15.64780299999984
1,stencil,balanced,27,15.700079000002006
1,stencil,balanced,28,15.609353000007104
1,stencil,balanced,29,15.541142000001855
1,stencil,performance,0,16.609333000000333
1,stencil,performance,1,16.985290000011446
1,stencil,performance,2,16.360843000002205
1,stencil,performance,3,13.671471999987261
1,stencil,performance,4,10.412976999999955
1,stencil,performance,5,10.473872000002302
1,stencil,performance,6,10.34516500000609
1,stencil,performance,7,10.579259999998612
1,stencil,performance,8,10.603954999998678
1,stencil,performance,9,10.492958999995608
1,stencil,performance,10,10.351368000003276
1,stencil,performance,11,10.448549000022467
1,stencil,performance,12,13.625056999997469
1,stencil,performance,13,13.444147000001976
1,stencil,performance,14,13.701742999983253
1,stencil,performance,15,14.025391000002855
1,stencil,performance,16,12.823195000004489
1,stencil,performance,17,12.055477000016253
1,stencil,performance,18,15.557706000021426
1,stencil,performance,19,15.561537999979919
1,stencil,performance,20,15.505099000001792
1,stencil,performance,21,15.399510999995982
1,stencil,performance,22,15.68241899998975
1,stencil,performance,23,15.35960399999749
1,stencil,performance,24,15.341841999994358
1,stencil,performance,25,15.13742800001637
1,stencil,performance,26,15.389108000003034
1,stencil,performance,27,15.5185899999924
1,stencil,performance,28,15.306807000015397
1,stencil,performance,29,15.510249000013573
1,stencil,budget:0.25,0,15.33450600001379
1,stencil,budget:0.25,1,15.153342999983579
1,stencil,budget:0.25,2,15.355019000009634
1,stencil,budget:0.25,3,15.337418000010075
1,stencil,budget:0.25,4,15.409095999988494
1,stencil,budget:0.25,5,15.312971999985166
1,stencil,budget:0.25,6,15.479885000007926
1,stencil,budget:0.25,7,15.370695999998134
1,stencil,budget:0.25,8,15.652494999987539
1,stencil,budget:0.25,9,15.468514000007417
1,stencil,budget:0.25,10,15.199147000006633
1,stencil,budget:0.25,11,15.479609000001801
1,stencil,budget:0.25,12,15.69425400000182
1,stencil,budget:0.25,13,15.438112999981968
1,stencil,budget:0.25,14,15.290228000027128
1,stencil,budget:0.25,15,15.186463999998523
1,stencil,budget:0.25,16,15.577817000012146
1,stencil,budget:0.25,17,15.27487399999518
1,stencil,budget:0.25,18,15.443057000025874
1,stencil,budget:0.25,19,15.365377000009175
1,stencil,budget:0.25,20,15.297756999992998
1,stencil,budget:0.25,21,15.426395999995293
1,stencil,budget:0.25,22,15.326101999991806
1,stencil,budget:0.25,23,15.725940000003902
1,stencil,budget:0.25,24,15.422982999996748
1,stencil,budget:0.25,25,15.240084999997634
1,stencil,budget:0.25,26,15.50279200001387
1,stencil,budget:0.25,27,15.373270999989472
1,stencil,budget:0.25,28,15.358919999998761
1,stencil,budget:0.25,29,15.267563999979757
1,stencil,budget:0.5,0,15.287177999998676
1,stencil,budget:0.5,1,11.29450000001816
1,stencil,budget:0.5,2,12.02770999999484
1,stencil,budget:0.5,3,11.845690999994986
1,stencil,budget:0.5,4,13.038463000004413
1,stencil,budget:0.5,5,11.27524099999573
1,stencil,budget:0.5,6,10.937208000017563
1,stencil,budget:0.5,7,10.92645800000173
1,stencil,budget:0.5,8,11.21834900000249
1,stencil,budget:0.5,9,11.83440100000007
1,stencil,budget:0.5,10,11.01390399999218
1,stencil,budget:0.5,11,10.553178000001935
1,stencil,budget:0.5,12,10.568169000005582
1,stencil,budget:0.5,13,10.696679000015138
1,stencil,budget:0.5,14,10.726121999992756
1,stencil,budget:0.5,15,10.4586100000015
1,stencil,budget:0.5,16,10.439131999999518
1,stencil,budget:0.5,17,10.431263000005856
1,stencil,budget:0.5,18,10.747511000023223
1,stencil,budget:0.5,19,10.33565899997484
1,stencil,budget:0.5,20,10.860042999993311
1,stencil,budget:0.5,21,10.589053999981843
1,stencil,budget:0.5,22,10.87746000001789
1,stencil,budget:0.5,23,10.427548000006936
1,stencil,budget:0.5,24,10.372124999994412
1,stencil,budget:0.5,25,10.265580000006594
1,stencil,budget:0.5,26,10.377555999992182
1,stencil,budget:0.5,27,10.429424999980256
1,stencil,budget:0.5,28,10.656133000011323
1,stencil,budget:0.5,29,10.319657999993069
1,stencil,chuang,0,10.273197000002256
1,stencil,chuang,1,10.316925999999512
1,stencil,chuang,2,11.511698000016622
1,stencil,chuang,3,10.874608000012813
1,stencil,chuang,4,10.97099200001685
1,stencil,chuang,5,11.584761000005528
1,stencil,chuang,6,13.227535000012722
1,stencil,chuang,7,10.587304999993648
1,stencil,chuang,8,10.524934999994002
1,stencil,chuang,9,13.395343999989564
1,stencil,chuang,10,10.37095800001407
1,stencil,chuang,11,11.37315599998692
1,stencil,chuang,12,11.737387000001036
1,stencil,chuang,13,11.80350300000282
1,stencil,chuang,14,11.05517300000065
1,stencil,chuang,15,10.508640999993077
1,stencil,chuang,16,10.811444999999367
1,stencil,chuang,17,12.733986000006553
1,stencil,chuang,18,12.220100000005914
1,stencil,chuang,19,11.998492999991868
1,stencil,chuang,20,11.153319000004558
1,stencil,chuang,21,11.49960199999623
1,stencil,chuang,22,16.026851999980863
1,stencil,chuang,23,15.364862000016728
1,stencil,chuang,24,17.28956500001368
1,stencil,chuang,25,15.224721000005957
1,stencil,chuang,26,15.120494000002509
1,stencil,chuang,27,15.470060999999987
1,stencil,chuang,28,15.210159000009298
1,stencil,chuang,29,15.783439999999246
1,stencilV,none,0,14.37556900002528
1,stencilV,none,1,12.349657999991905
1,stencilV,none,2,11.774053000001004
1,stencilV,none,3,13.338094000006095
1,stencilV,none,4,10.406866999983322
1,stencilV,none,5,10.297164999996312
1,stencilV,none,6,10.3669280000031
1,stencilV,none,7,10.163864000001922
1,stencilV,none,8,10.419320999993943
1,stencilV,none,9,10.477891999995336
1,stencilV,none,10,10.393581999989692
1,stencilV,none,11,10.383166999992682
1,stencilV,none,12,10.395831000001635
1,stencilV,none,13,10.45957500001532
1,stencilV,none,14,10.441634999995586
1,stencilV,none,15,10.27447000000393
1,stencilV,none,16,11.649024999991525
1,stencilV,none,17,12.532750000013039
1,stencilV,none,18,11.0651610000059
1,stencilV,none,19,10.61005399998976
1,stencilV,none,20,10.620750000001863
1,stencilV,none,21,10.490244999993593
1,stencilV,none,22,11.328739000018686
1,stencilV,none,23,10.49332599999616
1,stencilV,none,24,11.522259999997914
1,stencilV,none,25,10.50932699997793
1,stencilV,none,26,10.555328999995254
1,stencilV,none,27,10.336912999977358
1,stencilV,none,28,10.867434000014327
1,stencilV,none,29,10.486269999993965
1,stencilV,full,0,22.869166999997105
1,stencilV,full,1,22.901779999985592
1,stencilV,full,2,20.673757999989903
1,stencilV,full,3,16.359717999992426
1,stencilV,full,4,20.778604000021005
1,stencilV,full,5,17.8964510000078
1,stencilV,full,6,20.651126000011573
1,stencilV,full,7,20.791936999972677
1,stencilV,full,8,20.31935199999134
1,stencilV,full,9,24.7671890000056
1,stencilV,full,10,24.26215999998385
1,stencilV,full,11,23.704845000000205
1,stencilV,full,12,21.86289799999213
1,stencilV,full,13,15.237292000005255
1,stencilV,full,14,15.665032999997493
1,stencilV,full,15,17.654271999985212
1,stencilV,full,16,18.254698000004282
1,stencilV,full,17,16.40490900000441
1,stencilV,full,18,16.9951599999913
1,stencilV,full,19,19.790330999996513
1,stencilV,full,20,23.07631799997762
1,stencilV,full,21,15.998552000004565
1,stencilV,full,22,24.509377000009408
1,stencilV,full,23,26.817524999991292
1,stencilV,full,24,25.659877000027336
1,stencilV,full,25,17.02429500001017
1,stencilV,full,26,22.018671999976505
1,stencilV,full,27,26.461157999990974
1,stencilV,full,28,15.768508999986807
1,stencilV,full,29,15.787834999995539
1,stencilV,proof,0,14.896616999991238
1,stencilV,proof,1,20.261430000013206
1,stencilV,proof,2,15.822185000026366
1,stencilV,proof,3,16.43970599997556
1,stencilV,proof,4,15.444312000006903
1,stencilV,proof,5,15.66182999999728
1,stencilV,proof,6,16.052341999980854
1,stencilV,proof,7,16.893673999991734
1,stencilV,proof,8,23.287997000006726
1,stencilV,proof,9,17.942970999982208
1,stencilV,proof,10,17.737466999999015
1,stencilV,proof,11,25.387988000002224
1,stencilV,proof,12,25.237782000011066
1,stencilV,proof,13,25.17353600001661
1,stencilV,proof,14,24.928790999983903
1,stencilV,proof,15,24.760011999984272
1,stencilV,proof,16,15.346537999983411
1,stencilV,proof,17,15.954952000000048
1,stencilV,proof,18,15.184844999981578
1,stencilV,proof,19,15.951212999993004
1,stencilV,proof,20,15.175405999994837
1,stencilV,proof,21,15.957136000011815
1,stencilV,proof,22,17.067505999992136
1,stencilV,proof,23,15.811791999993147
1,stencilV,proof,24,18.29909200000111
1,stencilV,proof,25,17.66910500000813
1,stencilV,proof,26,21.282142000010936
1,stencilV,proof,27,21.72803600001498
1,stencilV,proof,28,15.474947000009706
1,stencilV,proof,29,15.601580999995349
1,stencilV,strict,0,18.677828000014415
1,stencilV,strict,1,18.026914000016404
1,stencilV,strict,2,16.972477000002982
1,stencilV,strict,3,16.783574000000954
1,stencilV,strict,4,19.495420999999624
1,stencilV,strict,5,18.95813700000872
1,stencilV,strict,6,18.682293999998365
1,stencilV,strict,7,18.495722999999998
1,stencilV,strict,8,17.50648199999705
1,stencilV,strict,9,18.60413699998753
1,stencilV,strict,10,18.94621999998344
1,stencilV,strict,11,18.700924999982817
1,stencilV,strict,12,17.180996000010055
1,stencilV,strict,13,18.56977800000459
1,stencilV,strict,14,18.80756499999552
1,stencilV,strict,15,18.872887999983504
1,stencilV,strict,16,18.640788999997312
1,stencilV,strict,17,18.462518000014825
1,stencilV,strict,18,16.164500999992015
1,stencilV,strict,19,16.506497000023955
1,stencilV,strict,20,16.392878999991808
1,stencilV,strict,21,15.153337000025203
1,stencilV,strict,22,15.188033999991603
1,stencilV,strict,23,15.070845000009285
1,stencilV,strict,24,15.849147000000812
1,stencilV,strict,25,15.02021000001696
1,stencilV,strict,26,15.001917000015965
1,stencilV,strict,27,15.009350999986054
1,stencilV,strict,28,15.342980999994325
1,stencilV,strict,29,14.906967999995686
1,stencilV,balanced,0,10.426038000005065
1,stencilV,balanced,1,10.133777999988524
1,stencilV,balanced,2,10.332227999984752
1,stencilV,balanced,3,10.052931999991415
1,stencilV,balanced,4,10.130065999983344
1,stencilV,balanced,5,10.363312000001315
1,stencilV,balanced,6,12.27050800001598
1,stencilV,balanced,7,11.35304200000246
1,stencilV,balanced,8,10.684490999992704
1,stencilV,balanced,9,10.68321200000355
1,stencilV,balanced,10,11.002673999988474
1,stencilV,balanced,11,10.606981999997515
1,stencilV,balanced,12,10.431735000020126
1,stencilV,balanced,13,10.849072000011802
1,stencilV,balanced,14,10.539102000009734
1,stencilV,balanced,15,10.496321999991778
1,stencilV,balanced,16,10.540376999997534
1,stencilV,balanced,17,10.33876699997927
1,stencilV,balanced,18,10.450631999992765
1,stencilV,balanced,19,10.255085999990115
1,stencilV,balanced,20,10.42152599999099
1,stencilV,balanced,21,10.368428999994649
1,stencilV,balanced,22,10.393700999993598
1,stencilV,balanced,23,10.242285999993328
1,stencilV,balanced,24,10.249488000001293
1,stencilV,balanced,25,10.455644999979995
1,stencilV,balanced,26,10.406568999984302
1,stencilV,balanced,27,10.292542999988655
1,stencilV,balanced,28,10.28675500000827
1,stencilV,balanced,29,10.419687999994494
1,stencilV,performance,0,12.407640999997966
1,stencilV,performance,1,11.521301000000676
1,stencilV,performance,2,10.675573999993503
1,stencilV,performance,3,14.749379999993835
1,stencilV,performance,4,15.027086999994935
1,stencilV,performance,5,13.261942000011913
1,stencilV,performance,6,10.927414000005228
1,stencilV,performance,7,11.241367999988142
1,stencilV,performance,8,10.401882999984082
1,stencilV,performance,9,10.43700499998522
1,stencilV,performance,10,10.696055000007618
1,stencilV,performance,11,10.292168000014499
1,stencilV,performance,12,10.337265999987721
1,stencilV,performance,13,10.596755999984453
1,stencilV,performance,14,11.104879999998957
1,stencilV,performance,15,12.022458999999799
1,stencilV,performance,16,12.560120000009192
1,stencilV,performance,17,11.607251999987056
1,stencilV,performance,18,13.747108000010485
1,stencilV,performance,19,12.575798000005307
1,stencilV,performance,20,13.865795999998227
1,stencilV,performance,21,13.169316999992589
1,stencilV,performance,22,13.129625000001397
1,stencilV,performance,23,11.410101999994367
1,stencilV,performance,24,13.261475000006612
1,stencilV,performance,25,10.426050999987638
1,stencilV,performance,26,12.385547999991104
1,stencilV,performance,27,14.625897000019904
1,stencilV,performance,28,14.384235000004992
1,stencilV,performance,29,14.73058200001833
1,stencilV,budget:0.25,0,10.225737000000663
1,stencilV,budget:0.25,1,10.158778000011807
1,stencilV,budget:0.25,2,10.2605179999955
1,stencilV,budget:0.25,3,10.288306000002194
1,stencilV,budget:0.25,4,10.652539000002434
1,stencilV,budget:0.25,5,10.628498999984004
1,stencilV,budget:0.25,6,11.652536000008695
1,stencilV,budget:0.25,7,10.394192999985535
1,stencilV,budget:0.25,8,13.229908000008436
1,stencilV,budget:0.25,9,12.10386400000425
1,stencilV,budget:0.25,10,13.005220999999437
1,stencilV,budget:0.25,11,11.533773000002839
1,stencilV,budget:0.25,12,10.565964000008535
1,stencilV,budget:0.25,13,12.184253999992507
1,stencilV,budget:0.25,14,10.847383000014815
1,stencilV,budget:0.25,15,10.749646999989636
1,stencilV,budget:0.25,16,10.769198000023607
1,stencilV,budget:0.25,17,11.126508999994257
1,stencilV,budget:0.25,18,13.958080999989761
1,stencilV,budget:0.25,19,12.480693999998039
1,stencilV,budget:0.25,20,15.736638999980642
1,stencilV,budget:0.25,21,15.986330999992788
1,stencilV,budget:0.25,22,16.064577000011923
1,stencilV,budget:0.25,23,15.926990999985719
1,stencilV,budget:0.25,24,15.814912000001641
1,stencilV,budget:0.25,25,15.823754000011832
1,stencilV,budget:0.25,26,15.965770000009798
1,stencilV,budget:0.25,27,16.024592000001576
1,stencilV,budget:0.25,28,15.866646999988006
1,stencilV,budget:0.25,29,15.756790000014007
1,stencilV,budget:0.5,0,17.81447099999059
1,stencilV,budget:0.5,1,17.800329999998212
1,stencilV,budget:0.5,2,16.87048000001232
1,stencilV,budget:0.5,3,15.439887000015005
1,stencilV,budget:0.5,4,18.53986600000644
1,stencilV,budget:0.5,5,17.250330999988364
1,stencilV,budget:0.5,6,15.355799999990268
1,stencilV,budget:0.5,7,15.17342100001406
1,stencilV,budget:0.5,8,15.163157999981195
1,stencilV,budget:0.5,9,16.276026999985334
1,stencilV,budget:0.5,10,18.805108000000473
1,stencilV,budget:0.5,11,15.254495000001043
1,stencilV,budget:0.5,12,15.028350000007777
1,stencilV,budget:0.5,13,15.595434000017121
1,stencilV,budget:0.5,14,15.128171999996994
1,stencilV,budget:0.5,15,15.647847999993246
1,stencilV,budget:0.5,16,14.936958000005689
1,stencilV,budget:0.5,17,15.142324999993434
1,stencilV,budget:0.5,18,15.030966999998782
1,stencilV,budget:0.5,19,17.226888999983203
1,stencilV,budget:0.5,20,18.336658000014722
1,stencilV,budget:0.5,21,18.228331999998773
1,stencilV,budget:0.5,22,19.008708000008482
1,stencilV,budget:0.5,23,18.52618600000278
1,stencilV,budget:0.5,24,19.572558000014396
1,stencilV,budget:0.5,25,15.390146999998251
1,stencilV,budget:0.5,26,15.178550999989966
1,stencilV,budget:0.5,27,16.611768000002485
1,stencilV,budget:0.5,28,16.143429999996442
1,stencilV,budget:0.5,29,17.2200989999983
1,stencilV,chuang,0,17.050121000007493
1,stencilV,chuang,1,17.06970900000306
1,stencilV,chuang,2,16.97418600000674
1,stencilV,chuang,3,16.89605399998254
1,stencilV,chuang,4,17.03622599999653
1,stencilV,chuang,5,17.273887000017567
1,stencilV,chuang,6,17.161024999979418
1,stencilV,chuang,7,17.061687999987043
1,stencilV,chuang,8,16.983122999983607
1,stencilV,chuang,9,16.96857299999101
1,stencilV,chuang,10,17.022692999977153
1,stencilV,chuang,11,17.14226100000087
1,stencilV,chuang,12,16.952867999993032
1,stencilV,chuang,13,16.972101000021212
1,stencilV,chuang,14,13.123170999984723
1,stencilV,chuang,15,16.56907100000535
1,stencilV,chuang,16,11.966001000022516
1,stencilV,chuang,17,11.129294000013033
1,stencilV,chuang,18,10.619309000001522
1,stencilV,chuang,19,12.050365000002785
1,stencilV,chuang,20,13.984442999993917
1,stencilV,chuang,21,15.32341300000553
1,stencilV,chuang,22,17.079289999994216
1,stencilV,chuang,23,15.899692999984836
1,stencilV,chuang,24,13.626293999986956
1,stencilV,chuang,25,10.569736000004923
1,stencilV,chuang,26,10.614702999999281
1,stencilV,chuang,27,11.05387800000608
1,stencilV,chuang,28,10.516940000001341
1,stencilV,chuang,29,10.585943000012776
1,smooth,none,0,23.34175999998115
1,smooth,none,1,21.31833799998276
1,smooth,none,2,27.475593999988632
1,smooth,none,3,27.948165000008885
1,smooth,none,4,27.664437999977963
1,smooth,none,5,27.93877999999677
1,smooth,none,6,27.644608000002336
1,smooth,none,7,22.640913000010187
1,smooth,none,8,24.607564000005368
1,smooth,none,9,24.805554999999003
1,smooth,none,10,24.375958999997238
1,smooth,none,11,23.935117000015453
1,smooth,none,12,24.58401399999275
1,smooth,none,13,25.592425000009825
1,smooth,none,14,24.03436999997939
1,smooth,none,15,24.41591700000572
1,smooth,none,16,24.670944999990752
1,smooth,none,17,25.286071999988053
1,smooth,none,18,22.205156000010902
1,smooth,none,19,24.444682000001194
1,smooth,none,20,24.030529000010574
1,smooth,none,21,23.538394999981392
1,smooth,none,22,32.05204699997557
1,smooth,none,23,25.147441000008257
1,smooth,none,24,26.278965000004973
1,smooth,none,25,21.81991299998481
1,smooth,none,26,20.574477000016486
1,smooth,none,27,20.432237000000896
1,smooth,none,28,20.39844799999264
1,smooth,none,29,20.905750000005355
1,smooth,full,0,31.16745899998932
1,smooth,full,1,29.4275750000088
1,smooth,full,2,38.64562599998317
1,smooth,full,3,39.40596699999878
1,smooth,full,4,27.65291500001331
1,smooth,full,5,23.90478599999915
1,smooth,full,6,23.46422199998051
1,smooth,full,7,23.146246000018436
1,smooth,full,8,23.591242000024067
1,smooth,full,9,23.3671209999884
1,smooth,full,10,23.223345000005793
1,smooth,full,11,23.16186399999424
1,smooth,full,12,23.892540000000736
1,smooth,full,13,24.362103999999817
1,smooth,full,14,22.876439000014216
1,smooth,full,15,23.870295000000624
1,smooth,full,16,22.98034199999529
1,smooth,full,17,23.24842799999169
1,smooth,full,18,23.09012999999686
1,smooth,full,19,22.729904000007082
1,smooth,full,20,22.706959000002826
1,smooth,full,21,24.38691800000379
1,smooth,full,22,23.279665000009118
1,smooth,full,23,22.917346000002
1,smooth,full,24,29.291018999996595
1,smooth,full,25,26.07305800000904
1,smooth,full,26,23.386797000013757
1,smooth,full,27,22.856262999994215
1,smooth,full,28,23.129125999985263
1,smooth,full,29,22.949003999994602
1,smooth,proof,0,22.74079700000584
1,smooth,proof,1,22.557830000005197
1,smooth,proof,2,22.89535700000124
1,smooth,proof,3,22.959173000010196
1,smooth,proof,4,30.943766000011237
1,smooth,proof,5,26.523784999997588
1,smooth,proof,6,27.995274999993853
1,smooth,proof,7,22.93428399998811
1,smooth,proof,8,22.65565300002345
1,smooth,proof,9,23.14800600000308
1,smooth,proof,10,24.874893000000156
1,smooth,proof,11,24.457999000005657
1,smooth,proof,12,22.736455000005662
1,smooth,proof,13,25.287147999973968
1,smooth,proof,14,25.19814000002225
1,smooth,proof,15,23.854902999999467
1,smooth,proof,16,22.88021000000299
1,smooth,proof,17,23.16083000000799
1,smooth,proof,18,23.545671999978367
1,smooth,proof,19,25.03226999999606
1,smooth,proof,20,22.976884000003338
1,smooth,proof,21,22.693794999999227
1,smooth,proof,22,23.21616099998937
1,smooth,proof,23,23.046796000009635
1,smooth,proof,24,24.289411000005202
1,smooth,proof,25,30.025881999987178
1,smooth,proof,26,25.93880299999728
1,smooth,proof,27,25.403065999998944
1,smooth,proof,28,24.52123099999153
1,smooth,proof,29,22.91499499999918
1,smooth,strict,0,23.215519999997923
1,smooth,strict,1,23.091937999997754
1,smooth,strict,2,23.659831999975722
1,smooth,strict,3,23.890107999992324
1,smooth,strict,4,23.806872000015574
1,smooth,strict,5,22.816735000000335
1,smooth,strict,6,23.463954000006197
1,smooth,strict,7,23.04895199998282
1,smooth,strict,8,23.511608000000706
1,smooth,strict,9,22.739897999999812
1,smooth,strict,10,22.904655999998795
1,smooth,strict,11,22.95519899998908
1,smooth,strict,12,22.984985999995843
1,smooth,strict,13,22.806230000016512
1,smooth,strict,14,23.14705299999332
1,smooth,strict,15,22.98861699999543
1,smooth,strict,16,22.891127000009874
1,smooth,strict,17,22.593024000001606
1,smooth,strict,18,22.85494600000675
1,smooth,strict,19,25.890552999975625
1,smooth,strict,20,31.90682899998501
1,smooth,strict,21,31.66612099998747
1,smooth,strict,22,23.7642610000039
1,smooth,strict,23,24.9464539999899
1,smooth,strict,24,23.267462000017986
1,smooth,strict,25,23.127198999980465
1,smooth,strict,26,24.757812000025297
1,smooth,strict,27,25.668493000004673
1,smooth,strict,28,23.878404999995837
1,smooth,strict,29,22.797876999975415
1,smooth,balanced,0,27.920172000012826
1,smooth,balanced,1,24.481526000017766
1,smooth,balanced,2,24.47192000001087
1,smooth,balanced,3,23.931363000010606
1,smooth,balanced,4,23.097951000003377
1,smooth,balanced,5,24.666854000010062
1,smooth,balanced,6,29.298374000005424
1,smooth,balanced,7,31.846649999992223
1,smooth,balanced,8,25.290287999989232
1,smooth,balanced,9,22.835533999983454
1,smooth,balanced,10,23.480887000012444
1,smooth,balanced,11,23.408270999992965
1,smooth,balanced,12,25.99946700001601
1,smooth,balanced,13,23.374411999975564
1,smooth,balanced,14,22.92072900000494
1,smooth,balanced,15,22.53008399999817
1,smooth,balanced,16,22.717235000018263
1,smooth,balanced,17,23.646595000027446
1,smooth,balanced,18,23.130685000011
1,smooth,balanced,19,22.875342999992426
1,smooth,balanced,20,22.746790000004694
1,smooth,balanced,21,23.067788999993354
1,smooth,balanced,22,23.152939999999944
1,smooth,balanced,23,22.98188399997889
1,smooth,balanced,24,23.01427300000796
1,smooth,balanced,25,22.735081000020728
1,smooth,balanced,26,23.028642999997828
1,smooth,balanced,27,23.405312999995658
1,smooth,balanced,28,23.48355099998298
1,smooth,balanced,29,23.18984300000011
1,smooth,performance,0,21.25487800000701
1,smooth,performance,1,21.200983999995515
1,smooth,performance,2,23.654678999999305
1,smooth,performance,3,27.525183999998262
1,smooth,performance,4,23.92187700001523
1,smooth,performance,5,27.030139000009513
1,smooth,performance,6,24.987667999987025
1,smooth,performance,7,24.80798899999354
1,smooth,performance,8,25.650247000012314
1,smooth,performance,9,27.337421000003815
1,smooth,performance,10,27.236714999977266
1,smooth,performance,11,26.381729999993695
1,smooth,performance,12,27.166866000014124
1,smooth,performance,13,27.001560000004247
1,smooth,performance,14,23.285495999996783
1,smooth,performance,15,23.73425199999474
1,smooth,performance,16,21.017697000002954
1,smooth,performance,17,20.93405999999959
1,smooth,performance,18,21.77791899998556
1,smooth,performance,19,23.719914000015706
1,smooth,performance,20,21.774837999982992
1,smooth,performance,21,21.120155999989947
1,smooth,performance,22,21.910235999996075
1,smooth,performance,23,21.77986099998816
1,smooth,performance,24,24.379211999999825
1,smooth,performance,25,24.22374200000195
1,smooth,performance,26,22.199324999994133
1,smooth,performance,27,27.626483000000007
1,smooth,performance,28,26.98163399999612
1,smooth,performance,29,26.980106999981217
1,smooth,budget:0.25,0,31.181698000000324
1,smooth,budget:0.25,1,27.719848000007914
1,smooth,budget:0.25,2,28.146364000014728
1,smooth,budget:0.25,3,27.946065999974962
1,smooth,budget:0.25,4,28.08390800000052
1,smooth,budget:0.25,5,28.409129999985453
1,smooth,budget:0.25,6,28.178172999992967
1,smooth,budget:0.25,7,27.861272000009194
1,smooth,budget:0.25,8,27.967748999973992
1,smooth,budget:0.25,9,27.89710499998182
1,smooth,budget:0.25,10,25.99587800001609
1,smooth,budget:0.25,11,24.72235600001295
1,smooth,budget:0.25,12,21.173064999980852
1,smooth,budget:0.25,13,29.533878000016557
1,smooth,budget:0.25,14,30.537449999974342
1,smooth,budget:0.25,15,22.17385700001614
1,smooth,budget:0.25,16,22.64328899999964
1,smooth,budget:0.25,17,21.455550000013318
1,smooth,budget:0.25,18,21.027627999981632
1,smooth,budget:0.25,19,20.906962999986717
1,smooth,budget:0.25,20,21.44455200000084
1,smooth,budget:0.25,21,21.098077999980887
1,smooth,budget:0.25,22,21.542418000026373
1,smooth,budget:0.25,23,23.575971999991452
1,smooth,budget:0.25,24,25.801502999995137
1,smooth,budget:0.25,25,24.96212299997569
1,smooth,budget:0.25,26,22.633209999999963
1,smooth,budget:0.25,27,25.52976299999864
1,smooth,budget:0.25,28,21.46160300000338
1,smooth,budget:0.25,29,22.60536100002355
1,smooth,budget:0.5,0,21.119223000016063
1,smooth,budget:0.5,1,21.82535899998038
1,smooth,budget:0.5,2,21.05402199999662
1,smooth,budget:0.5,3,20.99229500000365
1,smooth,budget:0.5,4,21.28250199998729
1,smooth,budget:0.5,5,24.83856200001901
1,smooth,budget:0.5,6,23.485365999978967
1,smooth,budget:0.5,7,21.91055899998173
1,smooth,budget:0.5,8,22.518578999995952
1,smooth,budget:0.5,9,22.71345900002052
1,smooth,budget:0.5,10,23.083267999987584
1,smooth,budget:0.5,11,21.319745000015246
1,smooth,budget:0.5,12,21.64281099999789
1,smooth,budget:0.5,13,21.57902999999351
1,smooth,budget:0.5,14,21.556125999981305
1,smooth,budget:0.5,15,21.18245600000955
1,smooth,budget:0.5,16,21.256652000010945
1,smooth,budget:0.5,17,20.84415999997873
1,smooth,budget:0.5,18,23.157483000017237
1,smooth,budget:0.5,19,21.332360000000335
1,smooth,budget:0.5,20,21.793568000022788
1,smooth,budget:0.5,21,21.619332000002032
1,smooth,budget:0.5,22,32.607002000004286
1,smooth,budget:0.5,23,27.314749000011943
1,smooth,budget:0.5,24,26.179815999988932
1,smooth,budget:0.5,25,26.986877999996068
1,smooth,budget:0.5,26,24.7753720000037
1,smooth,budget:0.5,27,21.047711999999592
1,smooth,budget:0.5,28,24.659190000005765
1,smooth,budget:0.5,29,26.65036699999473
1,smooth,chuang,0,21.622902000002796
1,smooth,chuang,1,21.41490299999714
1,smooth,chuang,2,21.42355099998531
1,smooth,chuang,3,24.63776300000609
1,smooth,chuang,4,23.077487000002293
1,smooth,chuang,5,22.0567850000225
1,smooth,chuang,6,27.174083999998402
1,smooth,chuang,7,28.8533860000025
1,smooth,chuang,8,29.02278299999307
1,smooth,chuang,9,28.143553000001702
1,smooth,chuang,10,28.862796000001254
1,smooth,chuang,11,29.185677999979816
1,smooth,chuang,12,20.91619299998274
1,smooth,chuang,13,21.81943699999829
1,smooth,chuang,14,25.366841000010027
1,smooth,chuang,15,23.141082000016468
1,smooth,chuang,16,22.278693000000203
1,smooth,chuang,17,22.77156599998125
1,smooth,chuang,18,23.92638300001272
1,smooth,chuang,19,23.417775999987498
1,smooth,chuang,20,23.781533000001218
1,smooth,chuang,21,24.88121299998602
1,smooth,chuang,22,24.57599900002242
1,smooth,chuang,23,22.714895000011893
1,smooth,chuang,24,22.43286299999454
1,smooth,chuang,25,23.460327000007965
1,smooth,chuang,26,24.2151179999928
1,smooth,chuang,27,23.963201000005938
1,smooth,chuang,28,25.116980999999214
1,smooth,chuang,29,21.143229000008432
1,smoothV,none,0,21.545294999988982
1,smoothV,none,1,21.417026000010082
1,smoothV,none,2,20.974593999999342
1,smoothV,none,3,21.190815000009025
1,smoothV,none,4,21.476800999982515
1,smoothV,none,5,24.849947999988217
1,smoothV,none,6,21.535657999978866
1,smoothV,none,7,21.025133000017377
1,smoothV,none,8,20.709038000000874
1,smoothV,none,9,21.808080999995582
1,smoothV,none,10,21.62556799998856
1,smoothV,none,11,20.768230999994557
1,smoothV,none,12,20.929323000018485
1,smoothV,none,13,21.405013000010513
1,smoothV,none,14,26.920776000013575
1,smoothV,none,15,26.70203000001493
1,smoothV,none,16,26.552960000000894
1,smoothV,none,17,26.477182000002358
1,smoothV,none,18,27.32503999999608
1,smoothV,none,19,21.528651000000536
1,smoothV,none,20,20.975523000000976
1,smoothV,none,21,22.362068000016734
1,smoothV,none,22,21.804311000014422
1,smoothV,none,23,21.139337999979034
1,smoothV,none,24,25.327441000001272
1,smoothV,none,25,22.784069999994244
1,smoothV,none,26,22.940454000025056
1,smoothV,none,27,23.364843999996083
1,smoothV,none,28,22.69410200000857
1,smoothV,none,29,23.598815000004834
1,smoothV,full,0,28.217181999993045
1,smoothV,full,1,28.16233399999328
1,smoothV,full,2,23.346751000004588
1,smoothV,full,3,23.094501000014134
1,smoothV,full,4,23.070472999999765
1,smoothV,full,5,23.0642120000266
1,smoothV,full,6,22.906561000010697
1,smoothV,full,7,23.245472999988124
1,smoothV,full,8,23.085705000004964
1,smoothV,full,9,22.95441600002232
1,smoothV,full,10,23.00506100000348
1,smoothV,full,11,23.238275999989128
1,smoothV,full,12,23.200485000008484
1,smoothV,full,13,23.25787999999011
1,smoothV,full,14,23.163056999997934
1,smoothV,full,15,23.31686200000695
1,smoothV,full,16,23.11738099998911
1,smoothV,full,17,23.132374000007985
1,smoothV,full,18,23.092688999982784
1,smoothV,full,19,23.193178999994416
1,smoothV,full,20,22.99346399999922
1,smoothV,full,21,23.26363400000264
1,smoothV,full,22,23.09305699999095
1,smoothV,full,23,23.15148999998928
1,smoothV,full,24,29.42504200001713
1,smoothV,full,25,27.009836000012
1,smoothV,full,26,25.92533299999195
1,smoothV,full,27,23.53043300000718
1,smoothV,full,28,23.568613999988884
1,smoothV,full,29,23.30981299999985
1,smoothV,proof,0,25.03431700001238
1,smoothV,proof,1,24.822890000010375
1,smoothV,proof,2,25.87459600000875
1,smoothV,proof,3,27.941476000007242
1,smoothV,proof,4,31.126768999994965
1,smoothV,proof,5,31.17678400001023
1,smoothV,proof,6,31.023921000014525
1,smoothV,proof,7,31.14760599998408
1,smoothV,proof,8,30.766589999984717
1,smoothV,proof,9,24.85639099997934
1,smoothV,proof,10,23.04291099999682
1,smoothV,proof,11,23.147962999995798
1,smoothV,proof,12,23.009057000017492
1,smoothV,proof,13,23.21980099999928
1,smoothV,proof,14,23.5389439999999
1,smoothV,proof,15,23.025781000003917
1,smoothV,proof,16,22.987458999996306
1,smoothV,proof,17,23.017437000002246
1,smoothV,proof,18,23.42285199998878
1,smoothV,proof,19,23.180646000022534
1,smoothV,proof,20,23.95352800001274
1,smoothV,proof,21,23.155878999998095
1,smoothV,proof,22,23.224742000020342
1,smoothV,proof,23,23.18752300000051
1,smoothV,proof,24,23.14792800002033
1,smoothV,proof,25,23.61827999999514
1,smoothV,proof,26,23.048013999999966
1,smoothV,proof,27,23.122028999991016
1,smoothV,proof,28,23.00899900001241
1,smoothV,proof,29,22.987647000001743
1,smoothV,strict,0,23.067121000000043
1,smoothV,strict,1,22.78662999998778
1,smoothV,strict,2,23.455477000010433
1,smoothV,strict,3,22.778604999999516
1,smoothV,strict,4,22.743705999979284
1,smoothV,strict,5,22.703647000016645
1,smoothV,strict,6,23.00578099998529
1,smoothV,strict,7,24.18570199998794
1,smoothV,strict,8,22.74352000001818
1,smoothV,strict,9,22.650976000004448
1,smoothV,strict,10,22.67321800001082
1,smoothV,strict,11,22.958274000004167
1,smoothV,strict,12,22.75841599999694
1,smoothV,strict,13,22.8900469999935
1,smoothV,strict,14,22.57610200002091
1,smoothV,strict,15,22.9153299999889
1,smoothV,strict,16,22.567406999995
1,smoothV,strict,17,22.708127999998396
1,smoothV,strict,18,22.709017000015592
1,smoothV,strict,19,22.568278999999166
1,smoothV,strict,20,22.71662899997318
1,smoothV,strict,21,26.272801000013715
1,smoothV,strict,22,24.527587000018684
1,smoothV,strict,23,23.450918999995338
1,smoothV,strict,24,23.510252000007313
1,smoothV,strict,25,24.347641000000294
1,smoothV,strict,26,25.75398700000369
1,smoothV,strict,27,23.513784999988275
1,smoothV,strict,28,23.688556000008248
1,smoothV,strict,29,23.08781400002772
1,smoothV,balanced,0,23.354523999994854
1,smoothV,balanced,1,23.592820999998366
1,smoothV,balanced,2,24.538639999984298
1,smoothV,balanced,3,23.189455000014277
1,smoothV,balanced,4,23.96655099999043
1,smoothV,balanced,5,23.913488000020152
1,smoothV,balanced,6,25.0237710000074
1,smoothV,balanced,7,25.523803999996744
1,smoothV,balanced,8,23.068520000000717
1,smoothV,balanced,9,23.355581999989226
1,smoothV,balanced,10,24.207300000009127
1,smoothV,balanced,11,28.014996999991126
1,smoothV,balanced,12,27.216952999995556
1,smoothV,balanced,13,23.24381699998048
1,smoothV,balanced,14,27.4929140000022
1,smoothV,balanced,15,25.3187559999933
1,smoothV,balanced,16,23.137500999990152
1,smoothV,balanced,17,22.76562299998477
1,smoothV,balanced,18,22.99569400001201
1,smoothV,balanced,19,22.726010000013048
1,smoothV,balanced,20,23.392483000003267
1,smoothV,balanced,21,24.361487000016496
1,smoothV,balanced,22,23.5990050000255
1,smoothV,balanced,23,24.46351400000276
1,smoothV,balanced,24,25.161969999986468
1,smoothV,balanced,25,24.01178100000834
1,smoothV,balanced,26,25.868955000012647
1,smoothV,balanced,27,24.523686000000453
1,smoothV,balanced,28,23.82954000000609
1,smoothV,balanced,29,23.205554999993183
1,smoothV,performance,0,21.69705800001975
1,smoothV,performance,1,23.026041000004625
1,smoothV,performance,2,23.798481000005268
1,smoothV,performance,3,24.11772400001064
1,smoothV,performance,4,22.576815999986138
1,smoothV,performance,5,22.226859999995213
1,smoothV,performance,6,22.557404999999562
1,smoothV,performance,7,22.499104999995325
1,smoothV,performance,8,22.972202000004472
1,smoothV,performance,9,21.45401600000332
1,smoothV,performance,10,21.888827999995556
1,smoothV,performance,11,21.58771799999522
1,smoothV,performance,12,21.871908999979496
1,smoothV,performance,13,23.689964999997756
1,smoothV,performance,14,21.715371999976924
1,smoothV,performance,15,21.933721000008518
1,smoothV,performance,16,21.708517000020947
1,smoothV,performance,17,22.242024000006495
1,smoothV,performance,18,21.40859000000637
1,smoothV,performance,19,21.68772099999478
1,smoothV,performance,20,21.95736400000169
1,smoothV,performance,21,28.342892000015127
1,smoothV,performance,22,21.601579999987734
1,smoothV,performance,23,21.72396899998421
1,smoothV,performance,24,22.834037000022363
1,smoothV,performance,25,24.572333999996772
1,smoothV,performance,26,21.85177899998962
1,smoothV,performance,27,21.570238999993308
1,smoothV,performance,28,28.244510999997146
1,smoothV,performance,29,32.80676800000947
1,smoothV,budget:0.25,0,22.13351800001692
1,smoothV,budget:0.25,1,21.46206799999345
1,smoothV,budget:0.25,2,21.931255000003148
1,smoothV,budget:0.25,3,21.55398699999205
1,smoothV,budget:0.25,4,22.285934999992605
1,smoothV,budget:0.25,5,21.629573000012897
1,smoothV,budget:0.25,6,21.49832799998694
1,smoothV,budget:0.25,7,21.90180799999507
1,smoothV,budget:0.25,8,21.266064999974333
1,smoothV,budget:0.25,9,28.25870400000713
1,smoothV,budget:0.25,10,32.72985799997696
1,smoothV,budget:0.25,11,30.409328999987338
1,smoothV,budget:0.25,12,26.796131999988575
1,smoothV,budget:0.25,13,27.725232000026153
1,smoothV,budget:0.25,14,26.7689160000009
1,smoothV,budget:0.25,15,22.121240000007674
1,smoothV,budget:0.25,16,23.642655000003288
1,smoothV,budget:0.25,17,23.197885000001406
1,smoothV,budget:0.25,18,26.391931999998633
1,smoothV,budget:0.25,19,22.289386999997078
1,smoothV,budget:0.25,20,22.028500999993412
1,smoothV,budget:0.25,21,21.753748999995878
1,smoothV,budget:0.25,22,22.243290999991586
1,smoothV,budget:0.25,23,22.610186000005342
1,smoothV,budget:0.25,24,23.370701000007102
1,smoothV,budget:0.25,25,21.640862000000197
1,smoothV,budget:0.25,26,23.833164000010584
1,smoothV,budget:0.25,27,27.738142000016524
1,smoothV,budget:0.25,28,27.472689999995055
1,smoothV,budget:0.25,29,27.541602000012062
1,smoothV,budget:0.5,0,21.651780999993207
1,smoothV,budget:0.5,1,21.47884100000374
1,smoothV,budget:0.5,2,21.36746700000367
1,smoothV,budget:0.5,3,21.41161100001773
1,smoothV,budget:0.5,4,21.665708999993512
1,smoothV,budget:0.5,5,21.529062999994494
1,smoothV,budget:0.5,6,21.194642999995267
1,smoothV,budget:0.5,7,21.325261999998474
1,smoothV,budget:0.5,8,23.618742999999085
1,smoothV,budget:0.5,9,22.198045999975875
1,smoothV,budget:0.5,10,21.518873000022722
1,smoothV,budget:0.5,11,21.290408999979263
1,smoothV,budget:0.5,12,22.224425000022165
1,smoothV,budget:0.5,13,21.32404000000679
1,smoothV,budget:0.5,14,21.495246999984374
1,smoothV,budget:0.5,15,22.029240999981994
1,smoothV,budget:0.5,16,21.18987799997558
1,smoothV,budget:0.5,17,21.23457800000324
1,smoothV,budget:0.5,18,21.15602100000251
1,smoothV,budget:0.5,19,21.801015999983065
1,smoothV,budget:0.5,20,21.569481000013184
1,smoothV,budget:0.5,21,21.779489000007743
1,smoothV,budget:0.5,22,21.2019020000007
1,smoothV,budget:0.5,23,21.195871000003535
1,smoothV,budget:0.5,24,21.291047999984585
1,smoothV,budget:0.5,25,21.186095999990357
1,smoothV,budget:0.5,26,21.37719100000686
1,smoothV,budget:0.5,27,21.307296000013594
1,smoothV,budget:0.5,28,22.94201699999394
1,smoothV,budget:0.5,29,23.24459100002423
1,smoothV,chuang,0,24.225013000017498
1,smoothV,chuang,1,22.03481899999315
1,smoothV,chuang,2,21.64929299999494
1,smoothV,chuang,3,23.964474000007613
1,smoothV,chuang,4,22.62365699998918
1,smoothV,chuang,5,23.224371000018436
1,smoothV,chuang,6,26.592161000007764
1,smoothV,chuang,7,27.593129999993835
1,smoothV,chuang,8,26.570231999998214
1,smoothV,chuang,9,27.639154000004055
1,smoothV,chuang,10,27.77583699999377
1,smoothV,chuang,11,27.33896399999503
1,smoothV,chuang,12,21.96317000000272
1,smoothV,chuang,13,21.008927000017138
1,smoothV,chuang,14,21.55715199999395
1,smoothV,chuang,15,21.61585400000331
1,smoothV,chuang,16,22.072756000008667
1,smoothV,chuang,17,25.221155999985058
1,smoothV,chuang,18,24.67985100002261
1,smoothV,chuang,19,26.642808000004152
1,smoothV,chuang,20,22.939600000012433
1,smoothV,chuang,21,23.33789899997646
1,smoothV,chuang,22,21.101645999995526
1,smoothV,chuang,23,21.515413999994053
1,smoothV,chuang,24,21.18243600000278
1,smoothV,chuang,25,21.411638000019593
1,smoothV,chuang,26,21.30037199999788
1,smoothV,chuang,27,21.16048000002047
1,smoothV,chuang,28,21.070911000017077
1,smoothV,chuang,29,21.02077800000552
1,histogram,none,0,5.87250800000038
1,histogram,none,1,5.865354000008665
1,histogram,none,2,5.8543769999814685
1,histogram,none,3,5.8991059999971185
1,histogram,none,4,5.8170589999936055
1,histogram,none,5,5.825322999997297
1,histogram,none,6,5.829750000004424
1,histogram,none,7,5.842593000008492
1,histogram,none,8,6.491112000017893
1,histogram,none,9,5.86500999997952
1,histogram,none,10,5.843609000003198
1,histogram,none,11,5.791511999996146
1,histogram,none,12,7.34564300000784
1,histogram,none,13,5.987446999992244
1,histogram,none,14,5.852756000007503
1,histogram,none,15,6.433641000010539
1,histogram,none,16,5.85847500001546
1,histogram,none,17,5.84404799999902
1,histogram,none,18,5.873908999987179
1,histogram,none,19,5.98043600001256
1,histogram,none,20,5.860409999993863
1,histogram,none,21,5.876429999974789
1,histogram,none,22,5.822114000009606
1,histogram,none,23,5.813930999982404
1,histogram,none,24,5.835768999997526
1,histogram,none,25,5.874731999996584
1,histogram,none,26,5.903440000023693
1,histogram,none,27,6.039411000005202
1,histogram,none,28,5.889647000003606
1,histogram,none,29,5.9246189999976195
1,histogram,full,0,10.988962999981595
1,histogram,full,1,11.754237999994075
1,histogram,full,2,10.84449499999755
1,histogram,full,3,10.928455999994185
1,histogram,full,4,11.545334000024013
1,histogram,full,5,10.551241000008304
1,histogram,full,6,11.316443999996409
1,histogram,full,7,10.750166999991052
1,histogram,full,8,10.751484000007622
1,histogram,full,9,10.559183999983361
1,histogram,full,10,11.075852000009036
1,histogram,full,11,11.187146000011126
1,histogram,full,12,11.066061999998055
1,histogram,full,13,11.583848999987822
1,histogram,full,14,10.651073999993969
1,histogram,full,15,10.97438699999475
1,histogram,full,16,10.904722999985097
1,histogram,full,17,11.273817999986932
1,histogram,full,18,10.824075999989873
1,histogram,full,19,10.819771000009496
1,histogram,full,20,11.210481999994954
1,histogram,full,21,10.524879999982659
1,histogram,full,22,10.777361999993445
1,histogram,full,23,10.851007999997819
1,histogram,full,24,10.719326999998884
1,histogram,full,25,10.621770999976434
1,histogram,full,26,11.048967999988236
1,histogram,full,27,10.725913000002038
1,histogram,full,28,10.669118999998318
1,histogram,full,29,10.804573000001255
1,histogram,proof,0,9.535342000017408
1,histogram,proof,1,9.686822000017855
1,histogram,proof,2,9.876455999998143
1,histogram,proof,3,9.828375000011874
1,histogram,proof,4,9.654076000006171
1,histogram,proof,5,9.793814000004204
1,histogram,proof,6,10.363848000008147
1,histogram,proof,7,9.960464000003412
1,histogram,proof,8,9.83719399999245
1,histogram,proof,9,10.151721000001999
1,histogram,proof,10,9.917672999989009
1,histogram,proof,11,10.020764000015333
1,histogram,proof,12,9.62038899998879
1,histogram,proof,13,10.060222000000067
1,histogram,proof,14,10.89184599998407
1,histogram,proof,15,9.883158999989973
1,histogram,proof,16,10.421424000000115
1,histogram,proof,17,9.754354000004241
1,histogram,proof,18,9.842335000023013
1,histogram,proof,19,9.781975999998394
1,histogram,proof,20,10.444237000017893
1,histogram,proof,21,10.294905999995535
1,histogram,proof,22,9.704131000005873
1,histogram,proof,23,10.022007999999914
1,histogram,proof,24,13.515039999998407
1,histogram,proof,25,9.879665000014938
1,histogram,proof,26,11.421963999979198
1,histogram,proof,27,14.976330000004964
1,histogram,proof,28,15.031358999985969
1,histogram,proof,29,14.868866000004346
1,histogram,strict,0,13.18463000000338
1,histogram,strict,1,13.134235000004992
1,histogram,strict,2,10.947430000000168
1,histogram,strict,3,10.208975999994436
1,histogram,strict,4,10.533724999986589
1,histogram,strict,5,9.734477000019979
1,histogram,strict,6,10.322527000011178
1,histogram,strict,7,9.794989000016358
1,histogram,strict,8,9.765225000010105
1,histogram,strict,9,9.728100000007544
1,histogram,strict,10,10.088335999986157
1,histogram,strict,11,9.654535000008764
1,histogram,strict,12,13.10286400001496
1,histogram,strict,13,9.896335999976145
1,histogram,strict,14,9.716245000017807
1,histogram,strict,15,10.016035999986343
1,histogram,strict,16,12.311206999991555
1,histogram,strict,17,10.018903000018327
1,histogram,strict,18,9.655105999991065
1,histogram,strict,19,10.040538000001106
1,histogram,strict,20,11.379738000017824
1,histogram,strict,21,14.272956999979215
1,histogram,strict,22,9.976911000005202
1,histogram,strict,23,10.453037999977823
1,histogram,strict,24,10.151237999991281
1,histogram,strict,25,10.343938000005437
1,histogram,strict,26,11.099774999980582
1,histogram,strict,27,15.398438999982318
1,histogram,strict,28,15.806757000013022
1,histogram,strict,29,15.598923999990802
1,histogram,balanced,0,15.341763999982504
1,histogram,balanced,1,15.967047999991337
1,histogram,balanced,2,14.825922999996692
1,histogram,balanced,3,12.806436000013491
1,histogram,balanced,4,9.70766200000071
1,histogram,balanced,5,10.749511000001803
1,histogram,balanced,6,9.560087000019848
1,histogram,balanced,7,9.636350000015227
1,histogram,balanced,8,9.833191999990959
1,histogram,balanced,9,9.637575000000652
1,histogram,balanced,10,9.818780000001425
1,histogram,balanced,11,9.738990999991074
1,histogram,balanced,12,9.779357000021264
1,histogram,balanced,13,13.560192000004463
1,histogram,balanced,14,10.27610800002003
1,histogram,balanced,15,9.58422600000631
1,histogram,balanced,16,9.832797999988543
1,histogram,balanced,17,9.719233000010718
1,histogram,balanced,18,12.315808999992441
1,histogram,balanced,19,10.452856000018073
1,histogram,balanced,20,15.252765000012005
1,histogram,balanced,21,14.943619000026956
1,histogram,balanced,22,15.360028000024613
1,histogram,balanced,23,15.04785199998878
1,histogram,balanced,24,13.47620299999835
1,histogram,balanced,25,9.590200000006007
1,histogram,balanced,26,9.642047999979695
1,histogram,balanced,27,10.151821000006748
1,histogram,balanced,28,9.712736000015866
1,histogram,balanced,29,10.534734999993816
1,histogram,performance,0,9.123892999981763
1,histogram,performance,1,8.08031600000686
1,histogram,performance,2,8.704939999995986
1,histogram,performance,3,8.151656999980332
1,histogram,performance,4,9.774121999973431
1,histogram,performance,5,7.449920999992173
1,histogram,performance,6,8.052529999986291
1,histogram,performance,7,10.594800000020768
1,histogram,performance,8,11.605945000017527
1,histogram,performance,9,13.462762000010116
1,histogram,performance,10,10.991566999990027
1,histogram,performance,11,7.814290999987861
1,histogram,performance,12,8.334359000000404
1,histogram,performance,13,8.149589999986347
1,histogram,performance,14,7.523917000013171
1,histogram,performance,15,10.627203999989433
1,histogram,performance,16,7.4407869999995455
1,histogram,performance,17,10.508906999981264
1,histogram,performance,18,9.81781099998625
1,histogram,performance,19,7.6795510000083596
1,histogram,performance,20,7.976056999992579
1,histogram,performance,21,7.577866000006907
1,histogram,performance,22,8.513948000007076
1,histogram,performance,23,7.813456000003498
1,histogram,performance,24,7.9622830000007525
1,histogram,performance,25,8.050750000023982
1,histogram,performance,26,7.489383000007365
1,histogram,performance,27,7.540397000004305
1,histogram,performance,28,7.866608000011183
1,histogram,performance,29,7.8188459999801125
1,histogram,budget:0.25,0,6.258743000013055
1,histogram,budget:0.25,1,5.877678999997443
1,histogram,budget:0.25,2,5.96924899998703
1,histogram,budget:0.25,3,5.828765999991447
1,histogram,budget:0.25,4,6.197060000005877
1,histogram,budget:0.25,5,6.056516999989981
1,histogram,budget:0.25,6,6.953303999995114
1,histogram,budget:0.25,7,7.487810999999056
1,histogram,budget:0.25,8,7.553308000002289
1,histogram,budget:0.25,9,7.785600000002887
1,histogram,budget:0.25,10,6.958342999976594
1,histogram,budget:0.25,11,5.994092999986606
1,histogram,budget:0.25,12,6.172232999990229
1,histogram,budget:0.25,13,5.815061000001151
1,histogram,budget:0.25,14,7.678369000001112
1,histogram,budget:0.25,15,7.350613000016892
1,histogram,budget:0.25,16,6.041579000011552
1,histogram,budget:0.25,17,6.638517999992473
1,histogram,budget:0.25,18,6.159359999990556
1,histogram,budget:0.25,19,6.283048999990569
1,histogram,budget:0.25,20,11.870412999996915
1,histogram,budget:0.25,21,9.44639300002018
1,histogram,budget:0.25,22,6.437257000012323
1,histogram,budget:0.25,23,14.896392000024207
1,histogram,budget:0.25,24,9.025827000004938
1,histogram,budget:0.25,25,7.580045999988215
1,histogram,budget:0.25,26,13.996833999990486
1,histogram,budget:0.25,27,13.415780999988783
1,histogram,budget:0.25,28,6.670675000001211
1,histogram,budget:0.25,29,7.509701999981189
1,histogram,budget:0.5,0,12.820401000004495
1,histogram,budget:0.5,1,12.581474999984493
1,histogram,budget:0.5,2,18.132967999990797
1,histogram,budget:0.5,3,12.056481000006897
1,histogram,budget:0.5,4,11.934050999989267
1,histogram,budget:0.5,5,11.889132000011159
1,histogram,budget:0.5,6,12.305475000001024
1,histogram,budget:0.5,7,12.22037399999681
1,histogram,budget:0.5,8,7.568268000002718
1,histogram,budget:0.5,9,8.02290000001085
1,histogram,budget:0.5,10,7.999301999981981
1,histogram,budget:0.5,11,8.302639000001363
1,histogram,budget:0.5,12,10.481051999988267
1,histogram,budget:0.5,13,7.55148399999598
1,histogram,budget:0.5,14,7.46508300001733
1,histogram,budget:0.5,15,7.68428600000334
1,histogram,budget:0.5,16,9.300904000003356
1,histogram,budget:0.5,17,8.815161999984412
1,histogram,budget:0.5,18,10.2773659999948
1,histogram,budget:0.5,19,10.446921000024304
1,histogram,budget:0.5,20,9.631185000005644
1,histogram,budget:0.5,21,12.036698000010801
1,histogram,budget:0.5,22,8.618639000022085
1,histogram,budget:0.5,23,10.492878000019118
1,histogram,budget:0.5,24,11.779512000008253
1,histogram,budget:0.5,25,10.447546000010334
1,histogram,budget:0.5,26,8.937842999992426
1,histogram,budget:0.5,27,11.291578999982448
1,histogram,budget:0.5,28,19.599732999980915
1,histogram,budget:0.5,29,7.635274000000209
1,histogram,chuang,0,7.479456999979448
1,histogram,chuang,1,11.305269000004046
1,histogram,chuang,2,12.238079000002472
1,histogram,chuang,3,12.213230000023032
1,histogram,chuang,4,10.15724999998929
1,histogram,chuang,5,7.322656000003917
1,histogram,chuang,6,7.457985000015469
1,histogram,chuang,7,7.457521000003908
1,histogram,chuang,8,8.84364999999525
1,histogram,chuang,9,7.513066000014078
1,histogram,chuang,10,7.553066000022227
1,histogram,chuang,11,7.952774000004865
1,histogram,chuang,12,8.611980999994557
1,histogram,chuang,13,10.044136000011349
1,histogram,chuang,14,8.384732999984408
1,histogram,chuang,15,7.789013999979943
1,histogram,chuang,16,7.941699000017252
1,histogram,chuang,17,7.580288999975892
1,histogram,chuang,18,7.66424700000789
1,histogram,chuang,19,7.505046000005677
1,histogram,chuang,20,7.6618019999878015
1,histogram,chuang,21,7.833601999998791
1,histogram,chuang,22,8.584101000014925
1,histogram,chuang,23,8.995574000000488
1,histogram,chuang,24,9.85102599998936
1,histogram,chuang,25,7.456619000004139
1,histogram,chuang,26,7.546191000001272
1,histogram,chuang,27,7.989573999977438
1,histogram,chuang,28,7.473593000002438
1,histogram,chuang,29,7.453110000002198
1,bubbleSort,none,0,11.770890000014333
1,bubbleSort,none,1,11.267362000013236
1,bubbleSort,none,2,11.037994000012986
1,bubbleSort,none,3,11.837686999992002
1,bubbleSort,none,4,11.447072000009939
1,bubbleSort,none,5,11.097982000006596
1,bubbleSort,none,6,12.321162000007462
1,bubbleSort,none,7,13.495603999996092
1,bubbleSort,none,8,14.289928000012878
1,bubbleSort,none,9,12.814627000014298
1,bubbleSort,none,10,11.534794000006514
1,bubbleSort,none,11,12.43627600002219
1,bubbleSort,none,12,16.17114700001548
1,bubbleSort,none,13,16.22078400000464
1,bubbleSort,none,14,16.155868000001647
1,bubbleSort,none,15,16.146895999991102
1,bubbleSort,none,16,16.100118000002112
1,bubbleSort,none,17,16.06858399999328
1,bubbleSort,none,18,16.086014999978943
1,bubbleSort,none,19,16.06055599998217
1,bubbleSort,none,20,16.16019399999641
1,bubbleSort,none,21,16.249764000007417
1,bubbleSort,none,22,12.23741699999664
1,bubbleSort,none,23,11.020088999997824
1,bubbleSort,none,24,10.998477999994066
1,bubbleSort,none,25,10.961264999990817
1,bubbleSort,none,26,11.005655999993905
1,bubbleSort,none,27,10.941606000007596
1,bubbleSort,none,28,11.046845000004396
1,bubbleSort,none,29,10.966669999994338
1,bubbleSort,full,0,12.626835999981267
1,bubbleSort,full,1,12.412265999999363
1,bubbleSort,full,2,12.428658999997424
1,bubbleSort,full,3,12.485161999997217
1,bubbleSort,full,4,12.399380999995628
1,bubbleSort,full,5,12.460316999990027
1,bubbleSort,full,6,12.579320999997435
1,bubbleSort,full,7,12.41649000000325
1,bubbleSort,full,8,12.537322000018321
1,bubbleSort,full,9,12.390738999994937
1,bubbleSort,full,10,12.421701000013854
1,bubbleSort,full,11,12.492645999998786
1,bubbleSort,full,12,12.546252000000095
1,bubbleSort,full,13,12.415872999990825
1,bubbleSort,full,14,12.398695000010775
1,bubbleSort,full,15,12.471202000015182
1,bubbleSort,full,16,12.410524000006262
1,bubbleSort,full,17,12.529368999996223
1,bubbleSort,full,18,12.511273000010988
1,bubbleSort,full,19,12.479108999978052
1,bubbleSort,full,20,12.493203999998514
1,bubbleSort,full,21,12.433562999998685
1,bubbleSort,full,22,12.466843000001973
1,bubbleSort,full,23,12.436092000018107
1,bubbleSort,full,24,12.453428000007989
1,bubbleSort,full,25,12.463968000025488
1,bubbleSort,full,26,12.482036000001244
1,bubbleSort,full,27,12.568935000017518
1,bubbleSort,full,28,12.41893899999559
1,bubbleSort,full,29,12.400651000003563
1,bubbleSort,proof,0,12.462711000000127
1,bubbleSort,proof,1,12.402133999974467
1,bubbleSort,proof,2,12.463037000008626
1,bubbleSort,proof,3,12.434653999982402
1,bubbleSort,proof,4,12.386687999998685
1,bubbleSort,proof,5,12.435998000000836
1,bubbleSort,proof,6,12.428898999991361
1,bubbleSort,proof,7,12.429883000004338
1,bubbleSort,proof,8,12.428739000024507
1,bubbleSort,proof,9,12.463622000010218
1,bubbleSort,proof,10,12.440310000005411
1,bubbleSort,proof,11,12.46708599998965
1,bubbleSort,proof,12,12.62619400001131
1,bubbleSort,proof,13,12.545473999984097
1,bubbleSort,proof,14,12.464508000004571
1,bubbleSort,proof,15,12.442692999989958
1,bubbleSort,proof,16,12.448578999988968
1,bubbleSort,proof,17,12.459700000006706
1,bubbleSort,proof,18,13.343118999997387
1,bubbleSort,proof,19,14.576784000004409
1,bubbleSort,proof,20,13.00137499999255
1,bubbleSort,proof,21,15.352123999997275
1,bubbleSort,proof,22,14.031407000002218
1,bubbleSort,proof,23,13.28882899999735
1,bubbleSort,proof,24,15.874251999979606
1,bubbleSort,proof,25,13.717470999981742
1,bubbleSort,proof,26,13.574674999981653
1,bubbleSort,proof,27,13.928627000015695
1,bubbleSort,proof,28,14.142548999981955
1,bubbleSort,proof,29,13.425121000007493
1,bubbleSort,strict,0,12.71837499999674
1,bubbleSort,strict,1,13.877130000008037
1,bubbleSort,strict,2,13.308121999987634
1,bubbleSort,strict,3,13.047289999987697
1,bubbleSort,strict,4,21.786805000010645
1,bubbleSort,strict,5,20.532682999997633
1,bubbleSort,strict,6,12.941758000000846
1,bubbleSort,strict,7,13.524233000003733
1,bubbleSort,strict,8,13.250410999986343
1,bubbleSort,strict,9,12.696637000015471
1,bubbleSort,strict,10,13.224726999993436
1,bubbleSort,strict,11,13.033360000001267
1,bubbleSort,strict,12,13.301746000011917
1,bubbleSort,strict,13,12.931219999998575
1,bubbleSort,strict,14,13.146570999990217
1,bubbleSort,strict,15,13.308760999992955
1,bubbleSort,strict,16,13.224465999985114
1,bubbleSort,strict,17,13.536882999993395
1,bubbleSort,strict,18,12.895068999991054
1,bubbleSort,strict,19,13.06242299999576
1,bubbleSort,strict,20,12.80948600001284
1,bubbleSort,strict,21,13.003269999986514
1,bubbleSort,strict,22,13.437459000007948
1,bubbleSort,strict,23,13.490234999975655
1,bubbleSort,strict,24,13.07614800002193
1,bubbleSort,strict,25,12.744280000013532
1,bubbleSort,strict,26,13.456300999998348
1,bubbleSort,strict,27,13.378286999999546
1,bubbleSort,strict,28,12.594381000002613
1,bubbleSort,strict,29,28.77352499999688
1,bubbleSort,balanced,0,11.43467800001963
1,bubbleSort,balanced,1,11.352801000000909
1,bubbleSort,balanced,2,11.059826000011526
1,bubbleSort,balanced,3,12.117639999982202
1,bubbleSort,balanced,4,11.320138999988558
1,bubbleSort,balanced,5,11.444388999982039
1,bubbleSort,balanced,6,11.204670000006445
1,bubbleSort,balanced,7,11.49339799999143
1,bubbleSort,balanced,8,11.697697000025073
1,bubbleSort,balanced,9,11.059395999996923
1,bubbleSort,balanced,10,11.560349999985192
1,bubbleSort,balanced,11,11.109072999999626
1,bubbleSort,balanced,12,11.317640000022948
1,bubbleSort,balanced,13,11.451754999987315
1,bubbleSort,balanced,14,11.6508909999975
1,bubbleSort,balanced,15,11.235637999983737
1,bubbleSort,balanced,16,11.418682000017725
1,bubbleSort,balanced,17,11.179387999989558
1,bubbleSort,balanced,18,11.376370000012685
1,bubbleSort,balanced,19,11.131752999994205
1,bubbleSort,balanced,20,11.439870999980485
1,bubbleSort,balanced,21,11.457518000010168
1,bubbleSort,balanced,22,11.602427999983774
1,bubbleSort,balanced,23,11.395445000001928
1,bubbleSort,balanced,24,11.268745000008494
1,bubbleSort,balanced,25,12.21453600001405
1,bubbleSort,balanced,26,12.048437999997986
1,bubbleSort,balanced,27,11.373213999992004
1,bubbleSort,balanced,28,12.226022999995621
1,bubbleSort,balanced,29,11.437042000005022
1,bubbleSort,performance,0,11.773820999980671
1,bubbleSort,performance,1,16.046558000001824
1,bubbleSort,performance,2,16.598352000000887
1,bubbleSort,performance,3,14.761559000005946
1,bubbleSort,performance,4,11.738824000000022
1,bubbleSort,performance,5,11.01310799998464
1,bubbleSort,performance,6,11.237982999999076
1,bubbleSort,performance,7,10.986035999987507
1,bubbleSort,performance,8,11.514136999991024
1,bubbleSort,performance,9,11.035009000013815
1,bubbleSort,performance,10,11.23492799999076
1,bubbleSort,performance,11,11.454431999998633
1,bubbleSort,performance,12,11.244009000016376
1,bubbleSort,performance,13,11.430926000000909
1,bubbleSort,performance,14,11.180559000000358
1,bubbleSort,performance,15,12.49222899999586
1,bubbleSort,performance,16,11.503235999989556
1,bubbleSort,performance,17,11.833694000000833
1,bubbleSort,performance,18,11.094844999985071
1,bubbleSort,performance,19,11.853719000006095
1,bubbleSort,performance,20,11.475448000011966
1,bubbleSort,performance,21,11.110412999987602
1,bubbleSort,performance,22,11.123171999992337
1,bubbleSort,performance,23,11.504396000003908
1,bubbleSort,performance,24,10.988771999982418
1,bubbleSort,performance,25,11.343871999997646
1,bubbleSort,performance,26,11.569170000002487
1,bubbleSort,performance,27,11.258505000005243
1,bubbleSort,performance,28,11.26592000000528
1,bubbleSort,performance,29,11.711255999980494
1,bubbleSort,budget:0.25,0,10.898963000014191
1,bubbleSort,budget:0.25,1,12.872740999999223
1,bubbleSort,budget:0.25,2,13.062967000005301
1,bubbleSort,budget:0.25,3,12.604483000002801
1,bubbleSort,budget:0.25,4,13.484817999997176
1,bubbleSort,budget:0.25,5,14.277052000019467
1,bubbleSort,budget:0.25,6,12.532485000003362
1,bubbleSort,budget:0.25,7,11.875589000002947
1,bubbleSort,budget:0.25,8,11.351763999991817
1,bubbleSort,budget:0.25,9,11.39829800001462
1,bubbleSort,budget:0.25,10,11.05315699998755
1,bubbleSort,budget:0.25,11,11.641040000016801
1,bubbleSort,budget:0.25,12,17.430705000006128
1,bubbleSort,budget:0.25,13,15.997448000009172
1,bubbleSort,budget:0.25,14,11.691655999980867
1,bubbleSort,budget:0.25,15,11.32981400002609
1,bubbleSort,budget:0.25,16,16.244334999995772
1,bubbleSort,budget:0.25,17,12.350386000005528
1,bubbleSort,budget:0.25,18,11.703521000017645
1,bubbleSort,budget:0.25,19,11.78600799999549
1,bubbleSort,budget:0.25,20,13.34708700000192
1,bubbleSort,budget:0.25,21,13.480814000009559
1,bubbleSort,budget:0.25,22,11.126719000021694
1,bubbleSort,budget:0.25,23,11.463180999999167
1,bubbleSort,budget:0.25,24,10.953815000015311
1,bubbleSort,budget:0.25,25,11.009771000011824
1,bubbleSort,budget:0.25,26,11.234584999998333
1,bubbleSort,budget:0.25,27,11.244955000001937
1,bubbleSort,budget:0.25,28,11.565734000003431
1,bubbleSort,budget:0.25,29,11.85222500000964
1,bubbleSort,budget:0.5,0,11.340618000016548
1,bubbleSort,budget:0.5,1,13.84450000000652
1,bubbleSort,budget:0.5,2,12.917247999983374
1,bubbleSort,budget:0.5,3,11.545257000019774
1,bubbleSort,budget:0.5,4,15.764536000002408
1,bubbleSort,budget:0.5,5,16.592443000001367
1,bubbleSort,budget:0.5,6,11.24987699999474
1,bubbleSort,budget:0.5,7,11.67937399999937
1,bubbleSort,budget:0.5,8,11.861504000000423
1,bubbleSort,budget:0.5,9,12.110339000006206
1,bubbleSort,budget:0.5,10,11.836688999988837
1,bubbleSort,budget:0.5,11,11.220464000012726
1,bubbleSort,budget:0.5,12,12.894824999995762
1,bubbleSort,budget:0.5,13,11.64670899999328
1,bubbleSort,budget:0.5,14,11.346037000010256
1,bubbleSort,budget:0.5,15,11.472756000002846
1,bubbleSort,budget:0.5,16,11.460233000019798
1,bubbleSort,budget:0.5,17,11.396020999993198
1,bubbleSort,budget:0.5,18,11.902001000009477
1,bubbleSort,budget:0.5,19,11.655173999984981
1,bubbleSort,budget:0.5,20,11.667629000003217
1,bubbleSort,budget:0.5,21,11.54239200000302
1,bubbleSort,budget:0.5,22,11.345537999994121
1,bubbleSort,budget:0.5,23,11.339528999989852
1,bubbleSort,budget:0.5,24,11.18847699998878
1,bubbleSort,budget:0.5,25,11.35750799998641
1,bubbleSort,budget:0.5,26,11.743106999987504
1,bubbleSort,budget:0.5,27,12.14436899998691
1,bubbleSort,budget:0.5,28,13.350849000009475
1,bubbleSort,budget:0.5,29,15.201988999993773
1,bubbleSort,chuang,0,11.022525999986101
1,bubbleSort,chuang,1,11.318594000011217
1,bubbleSort,chuang,2,11.429902000003494
1,bubbleSort,chuang,3,11.803214999992633
1,bubbleSort,chuang,4,12.381061000021873
1,bubbleSort,chuang,5,11.108207999990555
1,bubbleSort,chuang,6,12.60972700000275
1,bubbleSort,chuang,7,10.928409999993164
1,bubbleSort,chuang,8,11.793126000004122
1,bubbleSort,chuang,9,11.366013999999268
1,bubbleSort,chuang,10,11.553110000008019
1,bubbleSort,chuang,11,11.426471000013407
1,bubbleSort,chuang,12,12.436271000013221
1,bubbleSort,chuang,13,11.882092000014381
1,bubbleSort,chuang,14,10.978990999981761
1,bubbleSort,chuang,15,11.741791000007652
1,bubbleSort,chuang,16,17.07460200000787
1,bubbleSort,chuang,17,10.797579000005499
1,bubbleSort,chuang,18,11.914630999992369
1,bubbleSort,chuang,19,10.997397999977693
1,bubbleSort,chuang,20,11.04697599998326
1,bubbleSort,chuang,21,10.790011000004597
1,bubbleSort,chuang,22,11.2940659999731
1,bubbleSort,chuang,23,10.855554999987362
1,bubbleSort,chuang,24,11.004765999998199
1,bubbleSort,chuang,25,10.765818999992916
1,bubbleSort,chuang,26,10.672063999983948
1,bubbleSort,chuang,27,10.836742999992566
1,bubbleSort,chuang,28,10.922962000011466
1,bubbleSort,chuang,29,10.940489000000525
1,insertionSort,none,0,8.002753999986453
1,insertionSort,none,1,8.022082000010414
1,insertionSort,none,2,8.115395999979228
1,insertionSort,none,3,7.7879050000046846
1,insertionSort,none,4,7.52805900000385
1,insertionSort,none,5,7.541678999987198
1,insertionSort,none,6,7.50857000000542
1,insertionSort,none,7,8.336834999994608
1,insertionSort,none,8,7.825184999994235
1,insertionSort,none,9,7.578015000006417
1,insertionSort,none,10,7.834745000000112
1,insertionSort,none,11,7.936499000003096
1,insertionSort,none,12,7.991645000001881
1,insertionSort,none,13,7.714676999981748
1,insertionSort,none,14,7.697209000005387
1,insertionSort,none,15,7.528153999999631
1,insertionSort,none,16,7.842011000000639
1,insertionSort,none,17,8.244107000005897
1,insertionSort,none,18,7.560838999983389
1,insertionSort,none,19,7.640104999998584
1,insertionSort,none,20,8.346323000005214
1,insertionSort,none,21,9.01886799998465
1,insertionSort,none,22,8.990474000020185
1,insertionSort,none,23,8.21406999998726
1,insertionSort,none,24,7.514009000005899
1,insertionSort,none,25,7.443153999978676
1,insertionSort,none,26,7.871577999991132
1,insertionSort,none,27,7.624450999981491
1,insertionSort,none,28,7.582091999996919
1,insertionSort,none,29,7.989975000004051
1,insertionSort,full,0,15.9522799999977
1,insertionSort,full,1,15.916941000003135
1,insertionSort,full,2,15.877811999991536
1,insertionSort,full,3,11.708364999998594
1,insertionSort,full,4,10.56143100000918
1,insertionSort,full,5,12.704491999989841
1,insertionSort,full,6,9.892319000005955
1,insertionSort,full,7,9.622678999992786
1,insertionSort,full,8,9.728331999998773
1,insertionSort,full,9,9.992653000022983
1,insertionSort,full,10,9.674410999985412
1,insertionSort,full,11,11.039809000008972
1,insertionSort,full,12,12.415210999984993
1,insertionSort,full,13,11.873729999992065
1,insertionSort,full,14,9.92459099998814
1,insertionSort,full,15,9.72054599999683
1,insertionSort,full,16,10.232408000010764
1,insertionSort,full,17,9.680154999980005
1,insertionSort,full,18,10.575603000004776
1,insertionSort,full,19,10.697022000007564
1,insertionSort,full,20,10.842713999998523
1,insertionSort,full,21,11.168225000001257
1,insertionSort,full,22,11.008131999988109
1,insertionSort,full,23,10.100537999998778
1,insertionSort,full,24,9.913866999995662
1,insertionSort,full,25,9.6246960000135
1,insertionSort,full,26,9.615392000006977
1,insertionSort,full,27,9.806229000008898
1,insertionSort,full,28,9.57890100000077
1,insertionSort,full,29,9.824395000003278
1,insertionSort,proof,0,9.971091000013985
1,insertionSort,proof,1,9.700123999995412
1,insertionSort,proof,2,10.80904299998656
1,insertionSort,proof,3,10.209467000007862
1,insertionSort,proof,4,15.383315000013681
1,insertionSort,proof,5,11.171262999996543
1,insertionSort,proof,6,12.88467599998694
1,insertionSort,proof,7,10.197733000008157
1,insertionSort,proof,8,9.99351500000921
1,insertionSort,proof,9,10.604338000004645
1,insertionSort,proof,10,9.76130800001556
1,insertionSort,proof,11,10.624047000019345
1,insertionSort,proof,12,9.673631999990903
1,insertionSort,proof,13,10.129453000001376
1,insertionSort,proof,14,14.004558999993606
1,insertionSort,proof,15,13.623335000011139
1,insertionSort,proof,16,10.221351999993203
1,insertionSort,proof,17,10.353159000020241
1,insertionSort,proof,18,9.98623999999836
1,insertionSort,proof,19,9.923850000021048
1,insertionSort,proof,20,9.808994999999413
1,insertionSort,proof,21,10.616241999989143
1,insertionSort,proof,22,9.820071999973152
1,insertionSort,proof,23,10.141858999995748
1,insertionSort,proof,24,10.022578000003705
1,insertionSort,proof,25,9.78418600000441
1,insertionSort,proof,26,10.097337000013795
1,insertionSort,proof,27,9.788294999976642
1,insertionSort,proof,28,9.799578000005567
1,insertionSort,proof,29,10.020515999989584
1,insertionSort,strict,0,9.743069999996806
1,insertionSort,strict,1,9.92095500000869
1,insertionSort,strict,2,10.104430999985198
1,insertionSort,strict,3,9.97116400001687
1,insertionSort,strict,4,9.712329000001773
1,insertionSort,strict,5,9.787647000019206
1,insertionSort,strict,6,9.939573000010569
1,insertionSort,strict,7,9.708400000003166
1,insertionSort,strict,8,10.183791000017663
1,insertionSort,strict,9,11.809056999976747
1,insertionSort,strict,10,11.023039000021527
1,insertionSort,strict,11,11.409751999977743
1,insertionSort,strict,12,9.971259000012651
1,insertionSort,strict,13,10.14476699999068
1,insertionSort,strict,14,9.78436900000088
1,insertionSort,strict,15,11.306401000008918
1,insertionSort,strict,16,10.366688999987673
1,insertionSort,strict,17,9.626356999971904
1,insertionSort,strict,18,9.978623000002699
1,insertionSort,strict,19,10.958241999993334
1,insertionSort,strict,20,10.472204999998212
1,insertionSort,strict,21,11.896461000025738
1,insertionSort,strict,22,9.763395000016317
1,insertionSort,strict,23,9.696254000009503
1,insertionSort,strict,24,9.919823999982327
1,insertionSort,strict,25,9.640886999986833
1,insertionSort,strict,26,9.75987699997495
1,insertionSort,strict,27,9.834992000018246
1,insertionSort,strict,28,9.79874800000107
1,insertionSort,strict,29,9.498984000005294
1,insertionSort,balanced,0,7.60710300001665
1,insertionSort,balanced,1,7.459388999996008
1,insertionSort,balanced,2,7.42949999999837
1,insertionSort,balanced,3,7.887553999986267
1,insertionSort,balanced,4,7.801918000011938
1,insertionSort,balanced,5,7.636320999998134
1,insertionSort,balanced,6,7.720998000004329
1,insertionSort,balanced,7,9.562143000017386
1,insertionSort,balanced,8,10.759882999991532
1,insertionSort,balanced,9,10.741628999996465
1,insertionSort,balanced,10,10.824754000001121
1,insertionSort,balanced,11,10.830065999994986
1,insertionSort,balanced,12,10.811435999989044
1,insertionSort,balanced,13,10.810767999995733
1,insertionSort,balanced,14,10.781254000001354
1,insertionSort,balanced,15,10.783238000003621
1,insertionSort,balanced,16,10.871150999999372
1,insertionSort,balanced,17,10.833385000005364
1,insertionSort,balanced,18,10.775202999997418
1,insertionSort,balanced,19,10.88785800000187
1,insertionSort,balanced,20,10.852576000004774
1,insertionSort,balanced,21,10.862492999993265
1,insertionSort,balanced,22,10.835874999989755
1,insertionSort,balanced,23,10.799187999975402
1,insertionSort,balanced,24,10.82717699999921
1,insertionSort,balanced,25,10.823938000015914
1,insertionSort,balanced,26,9.524227999994764
1,insertionSort,balanced,27,10.567224999977043
1,insertionSort,balanced,28,9.193460000009509
1,insertionSort,balanced,29,13.186152000009315
1,insertionSort,performance,0,7.909668999986025
1,insertionSort,performance,1,7.492794999998296
1,insertionSort,performance,2,7.449858000007225
1,insertionSort,performance,3,7.431079000001773
1,insertionSort,performance,4,7.445661000005202
1,insertionSort,performance,5,7.409488999983296
1,insertionSort,performance,6,7.454339999996591
1,insertionSort,performance,7,7.452260999998543
1,insertionSort,performance,8,7.435575000010431
1,insertionSort,performance,9,7.428503999981331
1,insertionSort,performance,10,7.45815700001549
1,insertionSort,performance,11,7.431099999987055
1,insertionSort,performance,12,7.585485000017798
1,insertionSort,performance,13,7.449351999995997
1,insertionSort,performance,14,7.477860999992117
1,insertionSort,performance,15,7.458419000002323
1,insertionSort,performance,16,7.489159000018844
1,insertionSort,performance,17,7.4356019999831915
1,insertionSort,performance,18,7.487522000010358
1,insertionSort,performance,19,7.488561000005575
1,insertionSort,performance,20,8.12211099997512
1,insertionSort,performance,21,7.444459000020288
1,insertionSort,performance,22,7.493607999989763
1,insertionSort,performance,23,7.435190000018338
1,insertionSort,performance,24,7.415600000007544
1,insertionSort,performance,25,7.464153000008082
1,insertionSort,performance,26,7.58233899998595
1,insertionSort,performance,27,7.723800999985542
1,insertionSort,performance,28,9.433508999994956
1,insertionSort,performance,29,8.330696999997599
1,insertionSort,budget:0.25,0,8.694195999996737
1,insertionSort,budget:0.25,1,7.65951200001291
1,insertionSort,budget:0.25,2,8.379782000003615
1,insertionSort,budget:0.25,3,8.625507999997353
1,insertionSort,budget:0.25,4,7.626098000007914
1,insertionSort,budget:0.25,5,7.882137999986298
1,insertionSort,budget:0.25,6,7.826077000005171
1,insertionSort,budget:0.25,7,7.784296999976505
1,insertionSort,budget:0.25,8,7.819942000001902
1,insertionSort,budget:0.25,9,9.758422999992035
1,insertionSort,budget:0.25,10,8.045221999986097
1,insertionSort,budget:0.25,11,7.428940000012517
1,insertionSort,budget:0.25,12,8.70401500002481
1,insertionSort,budget:0.25,13,7.79677499999525
1,insertionSort,budget:0.25,14,7.983955000003334
1,insertionSort,budget:0.25,15,8.753070000006119
1,insertionSort,budget:0.25,16,8.031124000001
1,insertionSort,budget:0.25,17,9.354977999988478
1,insertionSort,budget:0.25,18,10.011925999977393
1,insertionSort,budget:0.25,19,10.143680999986827
1,insertionSort,budget:0.25,20,10.112002000008943
1,insertionSort,budget:0.25,21,10.141357000014978
1,insertionSort,budget:0.25,22,10.340608999977121
1,insertionSort,budget:0.25,23,10.13562099999399
1,insertionSort,budget:0.25,24,10.116257000016049
1,insertionSort,budget:0.25,25,8.891342999995686
1,insertionSort,budget:0.25,26,7.659148999984609
1,insertionSort,budget:0.25,27,7.672068999992916
1,insertionSort,budget:0.25,28,7.755512000003364
1,insertionSort,budget:0.25,29,7.67962599999737
1,insertionSort,budget:0.5,0,7.721912999986671
1,insertionSort,budget:0.5,1,8.124777000019094
1,insertionSort,budget:0.5,2,7.51791999998386
1,insertionSort,budget:0.5,3,7.707420999999158
1,insertionSort,budget:0.5,4,7.541923000011593
1,insertionSort,budget:0.5,5,7.722234999993816
1,insertionSort,budget:0.5,6,9.020247000007657
1,insertionSort,budget:0.5,7,7.530985999997938
1,insertionSort,budget:0.5,8,7.824500999995507
1,insertionSort,budget:0.5,9,7.830343000008725
1,insertionSort,budget:0.5,10,7.685346000012942
1,insertionSort,budget:0.5,11,7.635661000007531
1,insertionSort,budget:0.5,12,10.287918999994872
1,insertionSort,budget:0.5,13,10.312485000002198
1,insertionSort,budget:0.5,14,10.271622000000207
1,insertionSort,budget:0.5,15,10.281014999985928
1,insertionSort,budget:0.5,16,10.290684999985388
1,insertionSort,budget:0.5,17,10.351192999980412
1,insertionSort,budget:0.5,18,10.279002000024775
1,insertionSort,budget:0.5,19,10.311094000004232
1,insertionSort,budget:0.5,20,10.089872000011383
1,insertionSort,budget:0.5,21,10.486210000002757
1,insertionSort,budget:0.5,22,10.360576999984914
1,insertionSort,budget:0.5,23,10.495916000014404
1,insertionSort,budget:0.5,24,10.71344200000749
1,insertionSort,budget:0.5,25,10.365079999988666
1,insertionSort,budget:0.5,26,9.923091999982717
1,insertionSort,budget:0.5,27,8.71202400000766
1,insertionSort,budget:0.5,28,8.131227999983821
1,insertionSort,budget:0.5,29,8.568918000004487
1,insertionSort,chuang,0,8.807604000001447
1,insertionSort,chuang,1,8.536389000015333
1,insertionSort,chuang,2,8.727050000015879
1,insertionSort,chuang,3,8.584018000023207
1,insertionSort,chuang,4,8.972120999998879
1,insertionSort,chuang,5,9.130288999993354
1,insertionSort,chuang,6,8.86224499999662
1,insertionSort,chuang,7,12.45158100000117
1,insertionSort,chuang,8,9.03757400001632
1,insertionSort,chuang,9,8.672591999988072
1,insertionSort,chuang,10,12.596405999996932
1,insertionSort,chuang,11,8.770997000014177
1,insertionSort,chuang,12,8.987235999986297
1,insertionSort,chuang,13,8.770163999986835
1,insertionSort,chuang,14,8.639857000001939
1,insertionSort,chuang,15,8.48874399997294
1,insertionSort,chuang,16,8.50590600000578
1,insertionSort,chuang,17,8.434113000024809
1,insertionSort,chuang,18,8.657359000004362
1,insertionSort,chuang,19,8.483759000024293
1,insertionSort,chuang,20,8.394066999986535
1,insertionSort,chuang,21,8.421154000010574
1,insertionSort,chuang,22,8.491451000008965
1,insertionSort,chuang,23,11.0239489999949
1,insertionSort,chuang,24,8.726410000002943
1,insertionSort,chuang,25,8.391880999988643
1,insertionSort,chuang,26,8.389259999996284
1,insertionSort,chuang,27,8.450144999980694
1,insertionSort,chuang,28,8.416032000008272
1,insertionSort,chuang,29,8.477043999999296
1,binarySearch,none,0,48.74265200001537
1,binarySearch,none,1,47.40686200000346
1,binarySearch,none,2,46.19606399998884
1,binarySearch,none,3,45.69924899999751
1,binarySearch,none,4,46.2223449999874
1,binarySearch,none,5,46.46990799999912
1,binarySearch,none,6,51.34292799999821
1,binarySearch,none,7,49.608228999975836
1,binarySearch,none,8,45.88244799998938
1,binarySearch,none,9,46.373852999997325
1,binarySearch,none,10,46.18238199999905
1,binarySearch,none,11,47.0535389999859
1,binarySearch,none,12,46.63979700001073
1,binarySearch,none,13,45.70106900000246
1,binarySearch,none,14,48.84809800001676
1,binarySearch,none,15,46.96037700001034
1,binarySearch,none,16,56.76671900000656
1,binarySearch,none,17,53.825611000007484
1,binarySearch,none,18,46.4574980000034
1,binarySearch,none,19,50.0998059999838
1,binarySearch,none,20,48.263735999993514
1,binarySearch,none,21,48.63925599999493
1,binarySearch,none,22,53.28727400000207
1,binarySearch,none,23,47.88506099997903
1,binarySearch,none,24,47.43200699999579
1,binarySearch,none,25,52.93241899998975
1,binarySearch,none,26,48.61536199998227
1,binarySearch,none,27,45.73597099998733
1,binarySearch,none,28,45.92645100000664
1,binarySearch,none,29,45.74736800001119
1,binarySearch,full,0,46.81351300000097
1,binarySearch,full,1,46.61582599999383
1,binarySearch,full,2,46.55466900000465
1,binarySearch,full,3,46.82915000000503
1,binarySearch,full,4,46.76558599999407
1,binarySearch,full,5,49.98458199997549
1,binarySearch,full,6,50.44284100001096
1,binarySearch,full,7,53.832657000020845
1,binarySearch,full,8,59.61851100000786
1,binarySearch,full,9,60.053424999990966
1,binarySearch,full,10,56.46160599999712
1,binarySearch,full,11,57.37221000000136
1,binarySearch,full,12,51.95937100000447
1,binarySearch,full,13,47.690394999983255
1,binarySearch,full,14,59.196675999992294
1,binarySearch,full,15,57.65522400001646
1,binarySearch,full,16,59.85612499999115
1,binarySearch,full,17,47.15604099998018
1,binarySearch,full,18,46.70965899998555
1,binarySearch,full,19,46.306726999988314
1,binarySearch,full,20,46.79022699999041
1,binarySearch,full,21,47.19660699999076
1,binarySearch,full,22,47.296721999999136
1,binarySearch,full,23,51.356835000013234
1,binarySearch,full,24,53.486770999996224
1,binarySearch,full,25,51.12735600001179
1,binarySearch,full,26,52.451387999986764
1,binarySearch,full,27,48.38411900002393
1,binarySearch,full,28,52.6328270000231
1,binarySearch,full,29,54.69512299998314
1,binarySearch,proof,0,55.89033500000369
1,binarySearch,proof,1,56.370194999995874
1,binarySearch,proof,2,51.8393989999895
1,binarySearch,proof,3,61.31689300001017
1,binarySearch,proof,4,53.33626899999217
1,binarySearch,proof,5,51.77796400000807
1,binarySearch,proof,6,53.10970999998972
1,binarySearch,proof,7,53.362286999996286
1,binarySearch,proof,8,53.36346900000353
1,binarySearch,proof,9,53.67817400000058
1,binarySearch,proof,10,49.66120500001125
1,binarySearch,proof,11,50.69323900001473
1,binarySearch,proof,12,57.262157999997726
1,binarySearch,proof,13,47.8488420000067
1,binarySearch,proof,14,49.53382499999134
1,binarySearch,proof,15,46.362183000019286
1,binarySearch,proof,16,49.36845799998264
1,binarySearch,proof,17,52.812493000004906
1,binarySearch,proof,18,47.847543999989284
1,binarySearch,proof,19,47.633325000002515
1,binarySearch,proof,20,51.38084600001457
1,binarySearch,proof,21,57.82472499998403
1,binarySearch,proof,22,46.98492900002748
1,binarySearch,proof,23,46.45663499998045
1,binarySearch,proof,24,50.254633000004105
1,binarySearch,proof,25,46.97583000001032
1,binarySearch,proof,26,46.85995700000785
1,binarySearch,proof,27,54.131801999988966
1,binarySearch,proof,28,49.697176999994554
1,binarySearch,proof,29,46.14200600000913
1,binarySearch,strict,0,47.101756999996724
1,binarySearch,strict,1,46.744393000000855
1,binarySearch,strict,2,47.97501500000362
1,binarySearch,strict,3,48.43900400001439
1,binarySearch,strict,4,52.56363600000623
1,binarySearch,strict,5,48.45918999999412
1,binarySearch,strict,6,47.306546000007074
1,binarySearch,strict,7,47.60425899998518
1,binarySearch,strict,8,47.36157499998808
1,binarySearch,strict,9,52.11791599998833
1,binarySearch,strict,10,51.73335099997348
1,binarySearch,strict,11,46.96150899998611
1,binarySearch,strict,12,49.18017000000691
1,binarySearch,strict,13,46.066239000007045
1,binarySearch,strict,14,47.36030400000163
1,binarySearch,strict,15,52.46053300000494
1,binarySearch,strict,16,47.68124999999418
1,binarySearch,strict,17,46.309499000024516
1,binarySearch,strict,18,48.019071999995504
1,binarySearch,strict,19,47.37404299998889
1,binarySearch,strict,20,49.2791819999984
1,binarySearch,strict,21,50.36645900001167
1,binarySearch,strict,22,49.86452400000417
1,binarySearch,strict,23,46.16388100001495
1,binarySearch,strict,24,52.467508999980055
1,binarySearch,strict,25,55.007030999986455
1,binarySearch,strict,26,50.61126800000784
1,binarySearch,strict,27,52.06198200001381
1,binarySearch,strict,28,48.026485000009416
1,binarySearch,strict,29,46.75776300000143
1,binarySearch,balanced,0,49.05251700000372
1,binarySearch,balanced,1,49.52128700001049
1,binarySearch,balanced,2,50.74650199999451
1,binarySearch,balanced,3,47.919458999997005
1,binarySearch,balanced,4,49.50740999999107
1,binarySearch,balanced,5,53.942614999978105
1,binarySearch,balanced,6,52.4561790000007
1,binarySearch,balanced,7,52.393932000006316
1,binarySearch,balanced,8,50.36429400002817
1,binarySearch,balanced,9,52.932568999996874
1,binarySearch,balanced,10,49.00161499998649
1,binarySearch,balanced,11,52.62686499999836
1,binarySearch,balanced,12,48.300935999985086
1,binarySearch,balanced,13,46.37927900001523
1,binarySearch,balanced,14,47.13961399998516
1,binarySearch,balanced,15,47.68955199999618
1,binarySearch,balanced,16,46.510739999997895
1,binarySearch,balanced,17,46.78974599999492
1,binarySearch,balanced,18,47.02946600000723
1,binarySearch,balanced,19,55.60987500002375
1,binarySearch,balanced,20,55.07901499999571
1,binarySearch,balanced,21,46.801138999988325
1,binarySearch,balanced,22,48.0177449999901
1,binarySearch,balanced,23,50.76742199997534
1,binarySearch,balanced,24,48.4553709999891
1,binarySearch,balanced,25,47.948122000001604
1,binarySearch,balanced,26,46.75557099998696
1,binarySearch,balanced,27,48.24530899999081
1,binarySearch,balanced,28,47.66752699998324
1,binarySearch,balanced,29,47.91350500000408
1,binarySearch,performance,0,48.16510600000038
1,binarySearch,performance,1,46.06765800001449
1,binarySearch,performance,2,46.36460500000976
1,binarySearch,performance,3,48.39671699999599
1,binarySearch,performance,4,46.344630999985384
1,binarySearch,performance,5,55.59755199999199
1,binarySearch,performance,6,50.23700799999642
1,binarySearch,performance,7,46.01545999999507
1,binarySearch,performance,8,47.87610299998778
1,binarySearch,performance,9,45.95194899998023
1,binarySearch,performance,10,47.460768999997526
1,binarySearch,performance,11,45.81199200000265
1,binarySearch,performance,12,52.56787099997746
1,binarySearch,performance,13,54.25376999998116
1,binarySearch,performance,14,53.94475799999782
1,binarySearch,performance,15,53.92128499998944
1,binarySearch,performance,16,56.93211700001848
1,binarySearch,performance,17,53.929676999978255
1,binarySearch,performance,18,54.01030799999717
1,binarySearch,performance,19,54.134195000020554
1,binarySearch,performance,20,54.171948000002885
1,binarySearch,performance,21,54.142316000012215
1,binarySearch,performance,22,54.04180000000633
1,binarySearch,performance,23,53.78652900000452
1,binarySearch,performance,24,53.44770499999868
1,binarySearch,performance,25,53.60437099999399
1,binarySearch,performance,26,53.798173999995925
1,binarySearch,performance,27,53.51545500001521
1,binarySearch,performance,28,53.57595699999365
1,binarySearch,performance,29,53.77796199999284
1,binarySearch,budget:0.25,0,48.35758700000588
1,binarySearch,budget:0.25,1,51.87733700001263
1,binarySearch,budget:0.25,2,48.70249399999739
1,binarySearch,budget:0.25,3,56.26923700000043
1,binarySearch,budget:0.25,4,58.59388500000932
1,binarySearch,budget:0.25,5,57.24011700000847
1,binarySearch,budget:0.25,6,59.49740500000189
1,binarySearch,budget:0.25,7,58.58447500001057
1,binarySearch,budget:0.25,8,57.46984199999133
1,binarySearch,budget:0.25,9,56.568479999987176
1,binarySearch,budget:0.25,10,56.630506999994395
1,binarySearch,budget:0.25,11,57.00964100001147
1,binarySearch,budget:0.25,12,56.468055999983335
1,binarySearch,budget:0.25,13,47.76273499999661
1,binarySearch,budget:0.25,14,45.84119599999394
1,binarySearch,budget:0.25,15,46.232860999996774
1,binarySearch,budget:0.25,16,52.23301999998512
1,binarySearch,budget:0.25,17,47.30957300000591
1,binarySearch,budget:0.25,18,51.409436000016285
1,binarySearch,budget:0.25,19,52.1015919999918
1,binarySearch,budget:0.25,20,52.37617800000589
1,binarySearch,budget:0.25,21,52.54681999998866
1,binarySearch,budget:0.25,22,52.48366200001328
1,binarySearch,budget:0.25,23,52.82879800000228
1,binarySearch,budget:0.25,24,51.9765919999918
1,binarySearch,budget:0.25,25,52.44295099997544
1,binarySearch,budget:0.25,26,52.86529200000223
1,binarySearch,budget:0.25,27,52.13706800001091
1,binarySearch,budget:0.25,28,48.38966200000141
1,binarySearch,budget:0.25,29,51.08803199999966
1,binarySearch,budget:0.5,0,49.25390100001823
1,binarySearch,budget:0.5,1,54.129512000014074
1,binarySearch,budget:0.5,2,50.09068200000911
1,binarySearch,budget:0.5,3,52.738581999990856
1,binarySearch,budget:0.5,4,56.859445999987656
1,binarySearch,budget:0.5,5,53.55977500000154
1,binarySearch,budget:0.5,6,48.252645000000484
1,binarySearch,budget:0.5,7,47.48416500000167
1,binarySearch,budget:0.5,8,47.640279999992345
1,binarySearch,budget:0.5,9,56.22023799997987
1,binarySearch,budget:0.5,10,47.17408499997691
1,binarySearch,budget:0.5,11,46.51410900001065
1,binarySearch,budget:0.5,12,47.55047600000398
1,binarySearch,budget:0.5,13,55.60630700000911
1,binarySearch,budget:0.5,14,45.85308399997302
1,binarySearch,budget:0.5,15,48.376915000000736
1,binarySearch,budget:0.5,16,46.29684800002724
1,binarySearch,budget:0.5,17,49.93477000002167
1,binarySearch,budget:0.5,18,45.51092500000959
1,binarySearch,budget:0.5,19,45.42773500000476
1,binarySearch,budget:0.5,20,45.57940699998289
1,binarySearch,budget:0.5,21,45.4553780000133
1,binarySearch,budget:0.5,22,45.981761000002734
1,binarySearch,budget:0.5,23,50.49388399999589
1,binarySearch,budget:0.5,24,46.885367000009865
1,binarySearch,budget:0.5,25,45.75450300000375
1,binarySearch,budget:0.5,26,45.56322199999704
1,binarySearch,budget:0.5,27,45.457105000008596
1,binarySearch,budget:0.5,28,45.47182100001373
1,binarySearch,budget:0.5,29,45.59787999998662
1,binarySearch,chuang,0,45.911135000002105
1,binarySearch,chuang,1,45.06902500000433
1,binarySearch,chuang,2,45.23860200002673
1,binarySearch,chuang,3,45.41592600001604
1,binarySearch,chuang,4,45.294982999999775
1,binarySearch,chuang,5,45.496939000004204
1,binarySearch,chuang,6,45.2739489999949
1,binarySearch,chuang,7,45.1427449999901
1,binarySearch,chuang,8,45.33948599998257
1,binarySearch,chuang,9,45.09361199999694
1,binarySearch,chuang,10,45.321194999996806
1,binarySearch,chuang,11,45.19464099998004
1,binarySearch,chuang,12,46.455325999995694
1,binarySearch,chuang,13,45.68838799998048
1,binarySearch,chuang,14,48.206956000009086
1,binarySearch,chuang,15,45.320375000010245
1,binarySearch,chuang,16,48.45727300000726
1,binarySearch,chuang,17,45.83988899999531
1,binarySearch,chuang,18,46.001894999993965
1,binarySearch,chuang,19,46.15224899997702
1,binarySearch,chuang,20,46.00638100001379
1,binarySearch,chuang,21,46.644246999989264
1,binarySearch,chuang,22,48.82177700000466
1,binarySearch,chuang,23,51.87456300001941
1,binarySearch,chuang,24,52.53223299997626
1,binarySearch,chuang,25,48.259745999996085
1,binarySearch,chuang,26,48.929922999988776
1,binarySearch,chuang,27,49.01106700001401
1,binarySearch,chuang,28,49.33797200000845
1,binarySearch,chuang,29,52.75772299998789
1,gather,none,0,50.71206799999345
1,gather,none,1,35.34742799997912
1,gather,none,2,67.36540400001104
1,gather,none,3,68.243077000021
1,gather,none,4,55.05527899999288
1,gather,none,5,67.26832699999795
1,gather,none,6,57.15096200001426
1,gather,none,7,32.19148700000369
1,gather,none,8,33.19815199999721
1,gather,none,9,32.20720999999321
1,gather,none,10,33.80448799999431
1,gather,none,11,33.80777899999521
1,gather,none,12,33.10689300001832
1,gather,none,13,38.7777959999803
1,gather,none,14,37.45595300002606
1,gather,none,15,37.210407000005944
1,gather,none,16,34.818402000004426
1,gather,none,17,33.858276000013575
1,gather,none,18,43.94244899999467
1,gather,none,19,51.22860600001877
1,gather,none,20,55.896223000017926
1,gather,none,21,39.45544400002109
1,gather,none,22,69.60342699999455
1,gather,none,23,73.49623700001393
1,gather,none,24,70.44644500000868
1,gather,none,25,69.92468699999154
1,gather,none,26,63.39148199997726
1,gather,none,27,71.16242300000158
1,gather,none,28,67.6402099999832
1,gather,none,29,72.08206899999641
1,gather,full,0,75.17692800000077
1,gather,full,1,77.91773300000932
1,gather,full,2,71.21126999999979
1,gather,full,3,69.91942399999243
1,gather,full,4,71.74669800000265
1,gather,full,5,83.67990300001111
1,gather,full,6,98.98384000000078
1,gather,full,7,80.47078299999703
1,gather,full,8,82.57999100000598
1,gather,full,9,79.09415800002171
1,gather,full,10,99.60670000000391
1,gather,full,11,77.81196699998691
1,gather,full,12,68.19550800000434
1,gather,full,13,78.10259100000258
1,gather,full,14,65.34495299999253
1,gather,full,15,68.72610899998108
1,gather,full,16,64.77572400000645
1,gather,full,17,66.48466999997618
1,gather,full,18,74.1916659999988
1,gather,full,19,77.99761200000648
1,gather,full,20,81.27157299997634
1,gather,full,21,66.9119429999846
1,gather,full,22,58.33559500001138
1,gather,full,23,97.92984799999977
1,gather,full,24,111.91875599999912
1,gather,full,25,104.04473900000448
1,gather,full,26,112.67706899999757
1,gather,full,27,87.66100799999549
1,gather,full,28,66.78205300000263
1,gather,full,29,63.11130499999854
1,gather,proof,0,72.8759260000079
1,gather,proof,1,102.40556399998604
1,gather,proof,2,106.60839400000987
1,gather,proof,3,83.2621269999945
1,gather,proof,4,53.93917299999157
1,gather,proof,5,52.143295000016224
1,gather,proof,6,58.67044099999475
1,gather,proof,7,58.1624690000026
1,gather,proof,8,46.84215800004313
1,gather,proof,9,55.085896000033244
1,gather,proof,10,102.68536099995254
1,gather,proof,11,96.59002200001851
1,gather,proof,12,86.34468799998285
1,gather,proof,13,45.43898199999239
1,gather,proof,14,47.105466999986675
1,gather,proof,15,48.798581999959424
1,gather,proof,16,41.73472499998752
1,gather,proof,17,45.120513000001665
1,gather,proof,18,52.298406999965664
1,gather,proof,19,46.677582999982405
1,gather,proof,20,43.872480000020005
1,gather,proof,21,41.230868999962695
1,gather,proof,22,75.21403800003463
1,gather,proof,23,57.268617999972776
1,gather,proof,24,43.10504799999762
1,gather,proof,25,46.37862999999197
1,gather,proof,26,44.78577400004724
1,gather,proof,27,42.80900699994527
1,gather,proof,28,39.276980000024196
1,gather,proof,29,41.56594800000312
1,gather,strict,0,39.70315999997547
1,gather,strict,1,37.588097999978345
1,gather,strict,2,44.165294000005815
1,gather,strict,3,30.394360000034794
1,gather,strict,4,32.53913799999282
1,gather,strict,5,33.420497000042815
1,gather,strict,6,45.12238599994453
1,gather,strict,7,38.40170699998271
1,gather,strict,8,40.29381000000285
1,gather,strict,9,37.77265300002182
1,gather,strict,10,33.972942999971565
1,gather,strict,11,35.34081800002605
1,gather,strict,12,35.470558000029996
1,gather,strict,13,34.64819199999329
1,gather,strict,14,38.50240399996983
1,gather,strict,15,37.702476000005845
1,gather,strict,16,37.46587299997918
1,gather,strict,17,36.28110700001707
1,gather,strict,18,38.109348999976646
1,gather,strict,19,35.24877300002845
1,gather,strict,20,34.17007500003092
1,gather,strict,21,39.37179499998456
1,gather,strict,22,40.86982300004456
1,gather,strict,23,46.01940599997761
1,gather,strict,24,47.601078999985475
1,gather,strict,25,87.4282200000016
1,gather,strict,26,54.164569000015035
1,gather,strict,27,49.161140999989584
1,gather,strict,28,57.554157999984454
1,gather,strict,29,56.45525500003714
1,gather,balanced,0,51.294384000007994
1,gather,balanced,1,50.139085999981035
1,gather,balanced,2,51.27671200002078
1,gather,balanced,3,52.9530880000093
1,gather,balanced,4,53.48164600000018
1,gather,balanced,5,48.13083999999799
1,gather,balanced,6,52.46919999999227
1,gather,balanced,7,70.21481199999107
1,gather,balanced,8,78.07014700002037
1,gather,balanced,9,39.512787999992725
1,gather,balanced,10,78.05728399998043
1,gather,balanced,11,82.19125700002769
1,gather,balanced,12,83.3644520000089
1,gather,balanced,13,86.56363000004785
1,gather,balanced,14,84.88717299996642
1,gather,balanced,15,72.90997699997388
1,gather,balanced,16,46.41035499999998
1,gather,balanced,17,39.68604800000321
1,gather,balanced,18,41.75059699994745
1,gather,balanced,19,63.2413429999724
1,gather,balanced,20,38.21677499997895
1,gather,balanced,21,35.52988500002539
1,gather,balanced,22,35.860810000041965
1,gather,balanced,23,38.43344499997329
1,gather,balanced,24,41.84215799998492
1,gather,balanced,25,37.46362199995201
1,gather,balanced,26,33.24927099997876
1,gather,balanced,27,35.367746000003535
1,gather,balanced,28,33.7897070000181
1,gather,balanced,29,37.32281099999091
1,gather,performance,0,31.63222199998563
1,gather,performance,1,37.24550299998373
1,gather,performance,2,32.45101000001887
1,gather,performance,3,28.849205000035
1,gather,performance,4,31.079140999994706
1,gather,performance,5,33.59084700001404
1,gather,performance,6,33.87477300001774
1,gather,performance,7,39.133820999995805
1,gather,performance,8,38.15465000004042
1,gather,performance,9,37.065052000049036
1,gather,performance,10,37.63916199997766
1,gather,performance,11,40.56057599995984
1,gather,performance,12,48.81659699999727
1,gather,performance,13,39.92582300002687
1,gather,performance,14,33.378985000017565
1,gather,performance,15,35.40292500000214
1,gather,performance,16,39.6351250000298
1,gather,performance,17,36.68804799998179
1,gather,performance,18,29.48134499997832
1,gather,performance,19,35.556418999971356
1,gather,performance,20,32.99192000000039
1,gather,performance,21,35.320501999987755
1,gather,performance,22,49.08873100002529
1,gather,performance,23,41.43163599999389
1,gather,performance,24,44.86407100001816
1,gather,performance,25,37.21565600001486
1,gather,performance,26,47.33675999997649
1,gather,performance,27,36.4234760000254
1,gather,performance,28,34.88563199999044
1,gather,performance,29,39.49562800000422
1,gather,budget:0.25,0,36.79105999995954
1,gather,budget:0.25,1,37.53371899999911
1,gather,budget:0.25,2,37.57016800000565
1,gather,budget:0.25,3,38.77032200002577
1,gather,budget:0.25,4,37.78358200000366
1,gather,budget:0.25,5,40.19740400003502
1,gather,budget:0.25,6,41.54523500002688
1,gather,budget:0.25,7,39.56435399997281
1,gather,budget:0.25,8,40.56305799999973
1,gather,budget:0.25,9,40.06473300000653
1,gather,budget:0.25,10,37.77574800001457
1,gather,budget:0.25,11,39.23194899997907
1,gather,budget:0.25,12,42.1170090000378
1,gather,budget:0.25,13,39.30137000000104
1,gather,budget:0.25,14,38.555446000013035
1,gather,budget:0.25,15,40.23528999998234
1,gather,budget:0.25,16,55.68856699997559
1,gather,budget:0.25,17,64.59915899997577
1,gather,budget:0.25,18,63.33069199998863
1,gather,budget:0.25,19,48.299925999948755
1,gather,budget:0.25,20,64.00088399997912
1,gather,budget:0.25,21,60.09519600000931
1,gather,budget:0.25,22,63.34677900001407
1,gather,budget:0.25,23,67.08030199998757
1,gather,budget:0.25,24,41.52418500004569
1,gather,budget:0.25,25,38.027788000006694
1,gather,budget:0.25,26,37.726438000041526
1,gather,budget:0.25,27,48.757520999992266
1,gather,budget:0.25,28,36.97938100004103
1,gather,budget:0.25,29,42.208769999968354
1,gather,budget:0.5,0,61.886111000028905
1,gather,budget:0.5,1,36.64866800000891
1,gather,budget:0.5,2,51.506525000033434
1,gather,budget:0.5,3,43.791038000024855
1,gather,budget:0.5,4,43.870438000012655
1,gather,budget:0.5,5,40.55398000002606
1,gather,budget:0.5,6,75.78736799996113
1,gather,budget:0.5,7,47.779452999995556
1,gather,budget:0.5,8,64.47885100002168
1,gather,budget:0.5,9,56.215102999995
1,gather,budget:0.5,10,54.98012200003723
1,gather,budget:0.5,11,45.0389219999779
1,gather,budget:0.5,12,50.002447000006214
1,gather,budget:0.5,13,51.83265699999174
1,gather,budget:0.5,14,48.192104000016116
1,gather,budget:0.5,15,50.13350600004196
1,gather,budget:0.5,16,52.528713000006974
1,gather,budget:0.5,17,52.21169100003317
1,gather,budget:0.5,18,75.18045499996515
1,gather,budget:0.5,19,81.35885000001872
1,gather,budget:0.5,20,51.08300899999449
1,gather,budget:0.5,21,54.09306500002276
1,gather,budget:0.5,22,65.71314499998698
1,gather,budget:0.5,23,80.30849999998463
1,gather,budget:0.5,24,61.49415799998678
1,gather,budget:0.5,25,56.316680999996606
1,gather,budget:0.5,26,79.96498900000006
1,gather,budget:0.5,27,62.67836999997962
1,gather,budget:0.5,28,51.15317499998491
1,gather,budget:0.5,29,49.98772999999346
1,gather,chuang,0,87.23565400001826
1,gather,chuang,1,88.53656599996611
1,gather,chuang,2,86.26768099999754
1,gather,chuang,3,85.40597199997865
1,gather,chuang,4,75.83223599998746
1,gather,chuang,5,82.4907569999923
1,gather,chuang,6,79.15115699998569
1,gather,chuang,7,86.473449000041
1,gather,chuang,8,84.95012599998154
1,gather,chuang,9,81.5829800000065
1,gather,chuang,10,81.02752600004897
1,gather,chuang,11,47.81385299999965
1,gather,chuang,12,36.298577999987174
1,gather,chuang,13,34.421083999972325
1,gather,chuang,14,40.84595300001092
1,gather,chuang,15,41.82103200000711
1,gather,chuang,16,38.16401899995981
1,gather,chuang,17,39.68301600002451
1,gather,chuang,18,39.48108300002059
1,gather,chuang,19,43.202166000031866
1,gather,chuang,20,49.025167000014335
1,gather,chuang,21,49.04653500003042
1,gather,chuang,22,70.1517650000169
1,gather,chuang,23,47.97084999998333
1,gather,chuang,24,52.685733999998774
1,gather,chuang,25,63.28987100004451
1,gather,chuang,26,47.90464799996698
1,gather,chuang,27,47.69589299999643
1,gather,chuang,28,54.856185999989975
1,gather,chuang,29,48.62364899995737
1,scatter,none,0,27.276966999983415
1,scatter,none,1,30.999654999992345
1,scatter,none,2,22.693667999992613
1,scatter,none,3,21.674453000014182
1,scatter,none,4,19.59911299997475
1,scatter,none,5,23.364983000035863
1,scatter,none,6,16.548311999998987
1,scatter,none,7,16.378193000040483
1,scatter,none,8,16.336294000037014
1,scatter,none,9,16.51990100002149
1,scatter,none,10,18.284467999998014
1,scatter,none,11,37.29272299999138
1,scatter,none,12,24.62331199995242
1,scatter,none,13,37.82551399996737
1,scatter,none,14,41.034627000044566
1,scatter,none,15,19.005953999992926
1,scatter,none,16,26.550110000011045
1,scatter,none,17,32.652936000027694
1,scatter,none,18,30.621152999985497
1,scatter,none,19,46.501966000010725
1,scatter,none,20,47.20580699999118
1,scatter,none,21,55.42596500000218
1,scatter,none,22,48.89359799999511
1,scatter,none,23,52.034381000034045
1,scatter,none,24,37.684341999993194
1,scatter,none,25,38.61056900001131
1,scatter,none,26,24.515052999951877
1,scatter,none,27,25.424285999964923
1,scatter,none,28,20.677416999998968
1,scatter,none,29,29.16672199999448
1,scatter,full,0,61.605118999956176
1,scatter,full,1,39.567657999985386
1,scatter,full,2,38.32404500001576
1,scatter,full,3,25.770667999982834
1,scatter,full,4,24.68949000001885
1,scatter,full,5,53.133052000019234
1,scatter,full,6,49.74216399999568
1,scatter,full,7,28.509974000044167
1,scatter,full,8,21.797110999992583
1,scatter,full,9,22.629564000002574
1,scatter,full,10,27.794880000001285
1,scatter,full,11,51.47145900002215
1,scatter,full,12,58.46515299996827
1,scatter,full,13,64.43337199999951
1,scatter,full,14,30.057848000025842
1,scatter,full,15,23.50226899998961
1,scatter,full,16,27.412218999990728
1,scatter,full,17,26.198647999961395
1,scatter,full,18,36.86721399996895
1,scatter,full,19,32.276695999957155
1,scatter,full,20,27.91958899999736
1,scatter,full,21,18.42599900002824
1,scatter,full,22,20.00425300002098
1,scatter,full,23,16.568040999991354
1,scatter,full,24,21.345709999965038
1,scatter,full,25,17.538790000020526
1,scatter,full,26,20.369759000022896
1,scatter,full,27,24.691440999973565
1,scatter,full,28,20.630512000003364
1,scatter,full,29,20.33807399997022
1,scatter,proof,0,19.595017999992706
1,scatter,proof,1,21.484911000006832
1,scatter,proof,2,26.02743500005454
1,scatter,proof,3,21.37271399999736
1,scatter,proof,4,23.28615300002275
1,scatter,proof,5,23.317711999989115
1,scatter,proof,6,27.096953000000212
1,scatter,proof,7,19.379374000011012
1,scatter,proof,8,25.297207000025082
1,scatter,proof,9,27.067482999991626
1,scatter,proof,10,23.836951999983285
1,scatter,proof,11,22.667978000012226
1,scatter,proof,12,19.791385999997146
1,scatter,proof,13,21.312997000000905
1,scatter,proof,14,21.83311899995897
1,scatter,proof,15,22.53520300000673
1,scatter,proof,16,24.02334900002461
1,scatter,proof,17,20.98383099999046
1,scatter,proof,18,61.56046000000788
1,scatter,proof,19,58.989807999983896
1,scatter,proof,20,54.335946000006516
1,scatter,proof,21,23.455329000018537
1,scatter,proof,22,18.71770599996671
1,scatter,proof,23,27.120593000028748
1,scatter,proof,24,24.696059999987483
1,scatter,proof,25,23.777456999989226
1,scatter,proof,26,43.94026699999813
1,scatter,proof,27,38.05956199998036
1,scatter,proof,28,26.091213000006974
1,scatter,proof,29,23.41611200000625
1,scatter,strict,0,41.43317500001285
1,scatter,strict,1,37.04431600001408
1,scatter,strict,2,40.559107000008225
1,scatter,strict,3,33.30610899999738
1,scatter,strict,4,46.245165000029374
1,scatter,strict,5,46.46928700001445
1,scatter,strict,6,53.299915999989025
1,scatter,strict,7,47.210117000038736
1,scatter,strict,8,49.22444700001506
1,scatter,strict,9,35.504289000004064
1,scatter,strict,10,30.66552599996794
1,scatter,strict,11,19.71560099994531
1,scatter,strict,12,26.490817999991123
1,scatter,strict,13,20.66629500000272
1,scatter,strict,14,19.40953800000716
1,scatter,strict,15,21.60925799998222
1,scatter,strict,16,18.77798700000858
1,scatter,strict,17,21.47726600000169
1,scatter,strict,18,20.773927000002004
1,scatter,strict,19,20.624672000005376
1,scatter,strict,20,19.52960999996867
1,scatter,strict,21,21.8523259999929
1,scatter,strict,22,21.84509399998933
1,scatter,strict,23,21.435343999997713
1,scatter,strict,24,18.393304999975953
1,scatter,strict,25,19.551588000031188
1,scatter,strict,26,23.062174000020605
1,scatter,strict,27,23.739700000034645
1,scatter,strict,28,23.97158999997191
1,scatter,strict,29,42.03929899999639
1,scatter,balanced,0,21.48327500000596
1,scatter,balanced,1,21.014601000002585
1,scatter,balanced,2,28.006913000019267
1,scatter,balanced,3,27.15305399999488
1,scatter,balanced,4,37.31141600001138
1,scatter,balanced,5,42.207954000041354
1,scatter,balanced,6,46.874039999966044
1,scatter,balanced,7,22.271021000051405
1,scatter,balanced,8,27.926448000012897
1,scatter,balanced,9,28.54894999996759
1,scatter,balanced,10,26.232806999993045
1,scatter,balanced,11,28.602742999966722
1,scatter,balanced,12,22.57967100001406
1,scatter,balanced,13,45.68385400000261
1,scatter,balanced,14,25.60012000001734
1,scatter,balanced,15,48.249622000032105
1,scatter,balanced,16,41.74355300003663
1,scatter,balanced,17,40.94732799998019
1,scatter,balanced,18,45.02213700005086
1,scatter,balanced,19,41.29501699999673
1,scatter,balanced,20,45.174577999976464
1,scatter,balanced,21,20.353570999985095
1,scatter,balanced,22,18.89585299999453
1,scatter,balanced,23,20.441262000007555
1,scatter,balanced,24,19.711910000012722
1,scatter,balanced,25,19.629325999994762
1,scatter,balanced,26,21.203678000019863
1,scatter,balanced,27,19.82267199998023
1,scatter,balanced,28,17.1195819999557
1,scatter,balanced,29,95.37674999999581
1,scatter,performance,0,18.37665200000629
1,scatter,performance,1,18.060258999990765
1,scatter,performance,2,17.417070000024978
1,scatter,performance,3,19.656368999974802
1,scatter,performance,4,22.245908999990206
1,scatter,performance,5,20.531310999998823
1,scatter,performance,6,21.34637300000759
1,scatter,performance,7,35.23618200002238
1,scatter,performance,8,57.54695200000424
1,scatter,performance,9,60.49559800000861
1,scatter,performance,10,50.606180000002496
1,scatter,performance,11,42.22110299998894
1,scatter,performance,12,42.84210200002417
1,scatter,performance,13,32.71906400000444
1,scatter,performance,14,19.391506999963894
1,scatter,performance,15,23.45093699998688
1,scatter,performance,16,18.28299000003608
1,scatter,performance,17,19.410405999980867
1,scatter,performance,18,20.28349200001685
1,scatter,performance,19,22.264308000041638
1,scatter,performance,20,27.44602999999188
1,scatter,performance,21,49.60146000003442
1,scatter,performance,22,47.25525899999775
1,scatter,performance,23,49.755888999963645
1,scatter,performance,24,49.2513710000203
1,scatter,performance,25,35.260028000047896
1,scatter,performance,26,28.383004000002984
1,scatter,performance,27,50.30738100002054
1,scatter,performance,28,53.44551200000569
1,scatter,performance,29,42.50073899998097
1,scatter,budget:0.25,0,36.931641999981366
1,scatter,budget:0.25,1,35.30358200002229
1,scatter,budget:0.25,2,39.83703300001798
1,scatter,budget:0.25,3,36.52140299999155
1,scatter,budget:0.25,4,22.194024999975227
1,scatter,budget:0.25,5,22.272315999958664
1,scatter,budget:0.25,6,19.60924600000726
1,scatter,budget:0.25,7,30.084297999972478
1,scatter,budget:0.25,8,26.461051999998745
1,scatter,budget:0.25,9,23.425964000052772
1,scatter,budget:0.25,10,20.72226100001717
1,scatter,budget:0.25,11,18.105524000013247
1,scatter,budget:0.25,12,18.047113000007812
1,scatter,budget:0.25,13,30.155686000012793
1,scatter,budget:0.25,14,26.60918800003128
1,scatter,budget:0.25,15,34.55128000001423
1,scatter,budget:0.25,16,48.14680899999803
1,scatter,budget:0.25,17,56.681469000002835
1,scatter,budget:0.25,18,56.85393300000578
1,scatter,budget:0.25,19,58.319224999984726
1,scatter,budget:0.25,20,50.10133899998618
1,scatter,budget:0.25,21,52.44955800002208
1,scatter,budget:0.25,22,55.731457000016235
1,scatter,budget:0.25,23,52.988461999979336
1,scatter,budget:0.25,24,52.63477900001453
1,scatter,budget:0.25,25,44.036859999992885
1,scatter,budget:0.25,26,26.154441000020597
1,scatter,budget:0.25,27,28.476928999996744
1,scatter,budget:0.25,28,25.11781999998493
1,scatter,budget:0.25,29,17.80347299994901
1,scatter,budget:0.5,0,18.202104999974836
1,scatter,budget:0.5,1,32.26453299995046
1,scatter,budget:0.5,2,18.102733000006992
1,scatter,budget:0.5,3,19.621945000020787
1,scatter,budget:0.5,4,22.419241999974474
1,scatter,budget:0.5,5,26.07840399997076
1,scatter,budget:0.5,6,20.684153000009246
1,scatter,budget:0.5,7,17.979019000020344
1,scatter,budget:0.5,8,20.716462000040337
1,scatter,budget:0.5,9,22.191688999999315
1,scatter,budget:0.5,10,23.0398409999907
1,scatter,budget:0.5,11,22.3336470000213
1,scatter,budget:0.5,12,24.776437999971677
1,scatter,budget:0.5,13,22.37187500001164
1,scatter,budget:0.5,14,19.517378000018653
1,scatter,budget:0.5,15,20.98526300000958
1,scatter,budget:0.5,16,21.282599000027403
1,scatter,budget:0.5,17,19.69407000002684
1,scatter,budget:0.5,18,20.22681099997135
1,scatter,budget:0.5,19,21.648140000004787
1,scatter,budget:0.5,20,23.13501999998698
1,scatter,budget:0.5,21,22.583440000016708
1,scatter,budget:0.5,22,23.561949999944773
1,scatter,budget:0.5,23,20.470346999994945
1,scatter,budget:0.5,24,16.32454100000905
1,scatter,budget:0.5,25,20.42276899999706
1,scatter,budget:0.5,26,24.05024999997113
1,scatter,budget:0.5,27,26.080896999977995
1,scatter,budget:0.5,28,25.966070999973454
1,scatter,budget:0.5,29,32.237917999969795
1,scatter,chuang,0,19.534177000052296
1,scatter,chuang,1,21.383419999969192
1,scatter,chuang,2,21.777095999976154
1,scatter,chuang,3,27.83869300002698
1,scatter,chuang,4,26.658946999988984
1,scatter,chuang,5,20.7042440000223
1,scatter,chuang,6,27.09607099997811
1,scatter,chuang,7,31.889408999995794
1,scatter,chuang,8,42.45141199999489
1,scatter,chuang,9,29.68819399998756
1,scatter,chuang,10,26.917900000000373
1,scatter,chuang,11,28.75828000000911
1,scatter,chuang,12,33.754302000044845
1,scatter,chuang,13,29.112942000036128
1,scatter,chuang,14,43.2239759999793
1,scatter,chuang,15,67.12859400000889
1,scatter,chuang,16,62.100075000023935
1,scatter,chuang,17,43.83727600000566
1,scatter,chuang,18,30.620715000026394
1,scatter,chuang,19,50.973179000022355
1,scatter,chuang,20,57.969425999966916
1,scatter,chuang,21,61.39214599999832
1,scatter,chuang,22,27.836807999992743
1,scatter,chuang,23,24.742366999969818
1,scatter,chuang,24,20.72170500003267
1,scatter,chuang,25,18.93112399999518
1,scatter,chuang,26,24.616967999958433
1,scatter,chuang,27,26.211751999973785
1,scatter,chuang,28,29.87047900003381
1,scatter,chuang,29,22.682339999999385
1,reverse,none,0,3.6220089999842457
1,reverse,none,1,3.7871419999864884
1,reverse,none,2,3.8175170000176877
1,reverse,none,3,3.8023539999849163
1,reverse,none,4,3.6739350000279956
1,reverse,none,5,3.687119999958668
1,reverse,none,6,3.615462000016123
1,reverse,none,7,3.75024200003827
1,reverse,none,8,3.7097950000315905
1,reverse,none,9,5.8988269999972545
1,reverse,none,10,3.977504000009503
1,reverse,none,11,5.105991999967955
1,reverse,none,12,4.385178999975324
1,reverse,none,13,5.2454819999984466
1,reverse,none,14,4.800156999961473
1,reverse,none,15,4.9337780000059865
1,reverse,none,16,4.736995999992359
1,reverse,none,17,3.6688580000190996
1,reverse,none,18,3.7350710000027902
1,reverse,none,19,4.453134000010323
1,reverse,none,20,5.3810629999497905
1,reverse,none,21,5.347733000002336
1,reverse,none,22,5.106220999965444
1,reverse,none,23,5.599998999969102
1,reverse,none,24,5.31786299997475
1,reverse,none,25,4.624049999983981
1,reverse,none,26,3.7052440000115894
1,reverse,none,27,3.6294900000211783
1,reverse,none,28,3.8125989999971353
1,reverse,none,29,3.7404809999861754
1,reverse,full,0,6.594204000022728
1,reverse,full,1,7.104936999967322
1,reverse,full,2,6.993164999992587
1,reverse,full,3,6.873309999995399
1,reverse,full,4,6.730607000004966
1,reverse,full,5,6.925321999995504
1,reverse,full,6,7.075169000017922
1,reverse,full,7,8.05123799998546
1,reverse,full,8,8.723078000009991
1,reverse,full,9,7.502927000052296
1,reverse,full,10,7.170136000029743
1,reverse,full,11,7.324247999989893
1,reverse,full,12,7.899516000004951
1,reverse,full,13,8.37489999999525
1,reverse,full,14,7.3800260000280105
1,reverse,full,15,6.994233999983408
1,reverse,full,16,6.693651999987196
1,reverse,full,17,6.689982999989297
1,reverse,full,18,7.0591220000060275
1,reverse,full,19,6.956674000015482
1,reverse,full,20,7.3034479999914765
1,reverse,full,21,6.794155000010505
1,reverse,full,22,6.7053150000283495
1,reverse,full,23,6.937803000037093
1,reverse,full,24,6.676273999968544
1,reverse,full,25,8.69547199999215
1,reverse,full,26,7.321073000028264
1,reverse,full,27,6.908391000004485
1,reverse,full,28,6.989907999988645
1,reverse,full,29,6.980761000013445
1,reverse,proof,0,6.559997999982443
1,reverse,proof,1,6.576119000033941
1,reverse,proof,2,7.550208999949973
1,reverse,proof,3,7.841634999960661
1,reverse,proof,4,6.9520209999755025
1,reverse,proof,5,8.44916000001831
1,reverse,proof,6,9.277315000013914
1,reverse,proof,7,7.471862000005785
1,reverse,proof,8,6.724661000014748
1,reverse,proof,9,8.209364000009373
1,reverse,proof,10,7.108114000002388
1,reverse,proof,11,7.659851000003982
1,reverse,proof,12,7.627538999950048
1,reverse,proof,13,7.716616000048816
1,reverse,proof,14,8.508792000007816
1,reverse,proof,15,10.128177000035066
1,reverse,proof,16,9.973250999988522
1,reverse,proof,17,9.958288000023458
1,reverse,proof,18,9.798743000021204
1,reverse,proof,19,9.707824000041
1,reverse,proof,20,10.746374000038486
1,reverse,proof,21,9.87941699998919
1,reverse,proof,22,9.992803999979515
1,reverse,proof,23,9.079362999997102
1,reverse,proof,24,9.457641999993939
1,reverse,proof,25,9.886958999966737
1,reverse,proof,26,10.020798000041395
1,reverse,proof,27,6.69184900005348
1,reverse,proof,28,6.789500000013504
1,reverse,proof,29,7.028385000012349
1,reverse,strict,0,6.111228999972809
1,reverse,strict,1,5.985191999992821
1,reverse,strict,2,5.711944999988191
1,reverse,strict,3,6.755921000032686
1,reverse,strict,4,6.4658369999961
1,reverse,strict,5,5.818657000025269
1,reverse,strict,6,5.573420000029728
1,reverse,strict,7,5.8873380000004545
1,reverse,strict,8,5.668653999979142
1,reverse,strict,9,5.734561999968719
1,reverse,strict,10,5.93739999999525
1,reverse,strict,11,6.125373999995645
1,reverse,strict,12,5.644743999990169
1,reverse,strict,13,5.594363000011072
1,reverse,strict,14,7.484388999990188
1,reverse,strict,15,5.53660300001502
1,reverse,strict,16,5.5051089999615215
1,reverse,strict,17,5.45152300002519
1,reverse,strict,18,5.458106000034604
1,reverse,strict,19,5.473663000040688
1,reverse,strict,20,5.519062000035774
1,reverse,strict,21,5.628619999974035
1,reverse,strict,22,5.518722000007983
1,reverse,strict,23,5.530112000007648
1,reverse,strict,24,5.538059999991674
1,reverse,strict,25,5.516177000012249
1,reverse,strict,26,5.792526000004727
1,reverse,strict,27,5.482666999974754
1,reverse,strict,28,5.452183000044897
1,reverse,strict,29,5.722628000017721
1,reverse,balanced,0,5.466312000004109
1,reverse,balanced,1,5.90111400000751
1,reverse,balanced,2,7.877324000000954
1,reverse,balanced,3,7.729503999988083
1,reverse,balanced,4,7.691726999997627
1,reverse,balanced,5,7.8258520000381395
1,reverse,balanced,6,7.950356999994256
1,reverse,balanced,7,7.793481000000611
1,reverse,balanced,8,8.212495999992825
1,reverse,balanced,9,5.450899999996182
1,reverse,balanced,10,5.343221000046469
1,reverse,balanced,11,5.336150000046473
1,reverse,balanced,12,5.421895999985281
1,reverse,balanced,13,5.445459000009578
1,reverse,balanced,14,5.361733000027016
1,reverse,balanced,15,5.729189999983646
1,reverse,balanced,16,5.477694000001065
1,reverse,balanced,17,5.395656999957282
1,reverse,balanced,18,5.440844000026118
1,reverse,balanced,19,5.524617000017315
1,reverse,balanced,20,5.402182999998331
1,reverse,balanced,21,5.2850409999955446
1,reverse,balanced,22,5.290840000030585
1,reverse,balanced,23,5.440906999981962
1,reverse,balanced,24,5.306808999972418
1,reverse,balanced,25,5.730444999993779
1,reverse,balanced,26,5.352360999968369
1,reverse,balanced,27,5.720975000003818
1,reverse,balanced,28,5.811434999981429
1,reverse,balanced,29,5.289179000013974
1,reverse,performance,0,4.836483999970369
1,reverse,performance,1,4.554347999976017
1,reverse,performance,2,4.419874000013806
1,reverse,performance,3,4.580741000012495
1,reverse,performance,4,4.648816999979317
1,reverse,performance,5,4.318893000017852
1,reverse,performance,6,4.477573999960441
1,reverse,performance,7,4.285777000011876
1,reverse,performance,8,4.344394999963697
1,reverse,performance,9,4.368178999982774
1,reverse,performance,10,5.061510999978054
1,reverse,performance,11,4.320963000005577
1,reverse,performance,12,4.403326999978162
1,reverse,performance,13,4.641598999965936
1,reverse,performance,14,4.49997699999949
1,reverse,performance,15,4.483843000023626
1,reverse,performance,16,4.396023000008427
1,reverse,performance,17,4.374159999948461
1,reverse,performance,18,4.302231999987271
1,reverse,performance,19,5.377321999985725
1,reverse,performance,20,4.253656999964733
1,reverse,performance,21,5.639412000018638
1,reverse,performance,22,4.47323200001847
1,reverse,performance,23,9.535472000017762
1,reverse,performance,24,4.6580899999826215
1,reverse,performance,25,4.342064000025857
1,reverse,performance,26,4.470910999982152
1,reverse,performance,27,4.38885799999116
1,reverse,performance,28,4.485916000034194
1,reverse,performance,29,4.495221999997739
1,reverse,budget:0.25,0,5.095098000019789
1,reverse,budget:0.25,1,3.643817999982275
1,reverse,budget:0.25,2,3.6105559999705292
1,reverse,budget:0.25,3,3.659746000019368
1,reverse,budget:0.25,4,3.6620939999702387
1,reverse,budget:0.25,5,3.58440699998755
1,reverse,budget:0.25,6,4.0294100000173785
1,reverse,budget:0.25,7,3.968061999999918
1,reverse,budget:0.25,8,5.289679999987129
1,reverse,budget:0.25,9,3.9469280000193976
1,reverse,budget:0.25,10,3.643532000016421
1,reverse,budget:0.25,11,3.5653869999805465
1,reverse,budget:0.25,12,3.7703590000164695
1,reverse,budget:0.25,13,3.612747000006493
1,reverse,budget:0.25,14,4.977114999957848
1,reverse,budget:0.25,15,5.311997999961022
1,reverse,budget:0.25,16,5.186091000039596
1,reverse,budget:0.25,17,5.336118999985047
1,reverse,budget:0.25,18,5.447832999983802
1,reverse,budget:0.25,19,3.693476000044029
1,reverse,budget:0.25,20,3.6802460000035353
1,reverse,budget:0.25,21,3.6312509999843314
1,reverse,budget:0.25,22,3.8418470000033267
1,reverse,budget:0.25,23,5.295261999999639
1,reverse,budget:0.25,24,5.2010490000247955
1,reverse,budget:0.25,25,5.40223300002981
1,reverse,budget:0.25,26,5.385160000005271
1,reverse,budget:0.25,27,5.399508000002243
1,reverse,budget:0.25,28,4.9280490000383
1,reverse,budget:0.25,29,4.409863999986555
1,reverse,budget:0.5,0,4.813950999989174
1,reverse,budget:0.5,1,4.276079000032041
1,reverse,budget:0.5,2,4.374377999978606
1,reverse,budget:0.5,3,4.333459999994375
1,reverse,budget:0.5,4,4.290834999992512
1,reverse,budget:0.5,5,4.253310000000056
1,reverse,budget:0.5,6,4.351896999985911
1,reverse,budget:0.5,7,4.344729000004008
1,reverse,budget:0.5,8,4.91781000001356
1,reverse,budget:0.5,9,4.367414000036661
1,reverse,budget:0.5,10,8.217376000015065
1,reverse,budget:0.5,11,6.138944000005722
1,reverse,budget:0.5,12,6.001415999955498
1,reverse,budget:0.5,13,4.890283000015188
1,reverse,budget:0.5,14,4.518289999978151
1,reverse,budget:0.5,15,4.469083000032697
1,reverse,budget:0.5,16,4.289484000008088
1,reverse,budget:0.5,17,6.416931000014301
1,reverse,budget:0.5,18,5.322350999980699
1,reverse,budget:0.5,19,4.419086000008974
1,reverse,budget:0.5,20,6.3694719999912195
1,reverse,budget:0.5,21,4.834875000000466
1,reverse,budget:0.5,22,6.542873000027612
1,reverse,budget:0.5,23,4.535848999978043
1,reverse,budget:0.5,24,4.425630999961868
1,reverse,budget:0.5,25,4.3241520000156015
1,reverse,budget:0.5,26,4.400321000022814
1,reverse,budget:0.5,27,5.563213999965228
1,reverse,budget:0.5,28,5.293868000037037
1,reverse,budget:0.5,29,5.213029999984428
1,reverse,chuang,0,6.054675000021234
1,reverse,chuang,1,5.649516000004951
1,reverse,chuang,2,5.367632000008598
1,reverse,chuang,3,5.091103999991901
1,reverse,chuang,4,4.872025999997277
1,reverse,chuang,5,4.990454999962822
1,reverse,chuang,6,5.067791000008583
1,reverse,chuang,7,4.945102000026964
1,reverse,chuang,8,5.597389000002295
1,reverse,chuang,9,4.721002999984194
1,reverse,chuang,10,5.8076270000310615
1,reverse,chuang,11,4.9895610000239685
1,reverse,chuang,12,5.797982999996748
1,reverse,chuang,13,5.3373719999799505
1,reverse,chuang,14,6.803827999974601
1,reverse,chuang,15,7.255842999962624
1,reverse,chuang,16,7.746633000031579
1,reverse,chuang,17,6.8674649999593385
1,reverse,chuang,18,5.3584740000078455
1,reverse,chuang,19,5.115266999986488
1,reverse,chuang,20,4.99629099998856
1,reverse,chuang,21,5.158643000002485
1,reverse,chuang,22,5.1728360000415705
1,reverse,chuang,23,4.998071999987587
1,reverse,chuang,24,4.823174999968614
1,reverse,chuang,25,4.9792679999955
1,reverse,chuang,26,5.678825000009965
1,reverse,chuang,27,5.16236099996604
1,reverse,chuang,28,5.468134000024293
1,reverse,chuang,29,5.504272999998648
2,sumArray,none,0,7.113843999977689
2,sumArray,none,1,6.964695999980904
2,sumArray,none,2,7.088476000004448
2,sumArray,none,3,7.1985010000062175
2,sumArray,none,4,9.546692000003532
2,sumArray,none,5,8.612002999987453
2,sumArray,none,6,9.255025000020396
2,sumArray,none,7,9.997910999984015
2,sumArray,none,8,9.942910999991
2,sumArray,none,9,8.888639999961015
2,sumArray,none,10,8.633433000009973
2,sumArray,none,11,7.059002999973018
2,sumArray,none,12,6.9903530000010505
2,sumArray,none,13,7.000494000036269
2,sumArray,none,14,7.1448489999747835
2,sumArray,none,15,7.643941000045743
2,sumArray,none,16,7.041044000012334
2,sumArray,none,17,7.293116000015289
2,sumArray,none,18,7.011536999954842
2,sumArray,none,19,6.997520999982953
2,sumArray,none,20,7.289782000007108
2,sumArray,none,21,7.060913999972399
2,sumArray,none,22,7.4974550000042655
2,sumArray,none,23,7.024684000003617
2,sumArray,none,24,7.306997999956366
2,sumArray,none,25,7.02048599999398
2,sumArray,none,26,7.226246000034735
2,sumArray,none,27,8.049872000003234
2,sumArray,none,28,7.129756000009365
2,sumArray,none,29,7.158539000025485
2,sumArray,full,0,7.2062170000281185
2,sumArray,full,1,7.175471999973524
2,sumArray,full,2,7.244607999979053
2,sumArray,full,3,7.0225809999974445
2,sumArray,full,4,7.196387999982107
2,sumArray,full,5,6.9986120000248775
2,sumArray,full,6,7.349140000005718
2,sumArray,full,7,7.944472000002861
2,sumArray,full,8,7.512034000013955
2,sumArray,full,9,7.3784510000259615
2,sumArray,full,10,7.40484800003469
2,sumArray,full,11,7.486804000043776
2,sumArray,full,12,8.094256000011228
2,sumArray,full,13,7.194969000003766
2,sumArray,full,14,7.809973999974318
2,sumArray,full,15,7.933344000019133
2,sumArray,full,16,6.933427000010852
2,sumArray,full,17,8.358027999987826
2,sumArray,full,18,7.300572999985889
2,sumArray,full,19,7.142312999989372
2,sumArray,full,20,7.394627000030596
2,sumArray,full,21,10.705393000040203
2,sumArray,full,22,8.258436999982223
2,sumArray,full,23,8.266052999999374
2,sumArray,full,24,7.783700999978464
2,sumArray,full,25,7.932575999991968
2,sumArray,full,26,7.806070999999065
2,sumArray,full,27,7.0634399999980815
2,sumArray,full,28,7.3698330000042915
2,sumArray,full,29,7.855908999976236
2,sumArray,proof,0,10.338990999967791
2,sumArray,proof,1,7.726796999981161
2,sumArray,proof,2,7.926823999965563
2,sumArray,proof,3,7.311061999993399
2,sumArray,proof,4,7.204486000002362
2,sumArray,proof,5,7.2154280000249855
2,sumArray,proof,6,7.172039000026416
2,sumArray,proof,7,8.035260999982711
2,sumArray,proof,8,6.9549690000130795
2,sumArray,proof,9,7.072966000007
2,sumArray,proof,10,7.475573999981862
2,sumArray,proof,11,8.30927700002212
2,sumArray,proof,12,8.312695999979042
2,sumArray,proof,13,8.320765000011306
2,sumArray,proof,14,8.32909000001382
2,sumArray,proof,15,8.271336000005249
2,sumArray,proof,16,8.25858900003368
2,sumArray,proof,17,8.395543000020552
2,sumArray,proof,18,8.258853000006638
2,sumArray,proof,19,8.22096300002886
2,sumArray,proof,20,8.353458999947179
2,sumArray,proof,21,8.290609999967273
2,sumArray,proof,22,8.294571999984328
2,sumArray,proof,23,7.883280999958515
2,sumArray,proof,24,7.448266000021249
2,sumArray,proof,25,7.176898000005167
2,sumArray,proof,26,7.191989000013564
2,sumArray,proof,27,7.18179100000998
2,sumArray,proof,28,7.02912700001616
2,sumArray,proof,29,7.105701999971643
2,sumArray,strict,0,7.071725999994669
2,sumArray,strict,1,7.083654999965802
2,sumArray,strict,2,6.964424000005238
2,sumArray,strict,3,7.130530999973416
2,sumArray,strict,4,6.987342000007629
2,sumArray,strict,5,7.148313999990933
2,sumArray,strict,6,6.92930899997009
2,sumArray,strict,7,6.988081999996211
2,sumArray,strict,8,7.217062000010628
2,sumArray,strict,9,7.518404999980703
2,sumArray,strict,10,9.070108000014443
2,sumArray,strict,11,8.625212000042666
2,sumArray,strict,12,9.059669000038411
2,sumArray,strict,13,9.049177999957465
2,sumArray,strict,14,7.1853059999994
2,sumArray,strict,15,6.939331999979913
2,sumArray,strict,16,7.15517899999395
2,sumArray,strict,17,7.235412999987602
2,sumArray,strict,18,7.155808000010438
2,sumArray,strict,19,7.055178000009619
2,sumArray,strict,20,6.987273000006098
2,sumArray,strict,21,7.018202000006568
2,sumArray,strict,22,7.060047000006307
2,sumArray,strict,23,7.494635999959428
2,sumArray,strict,24,7.1878039999864995
2,sumArray,strict,25,7.855264000012539
2,sumArray,strict,26,8.340687000018079
2,sumArray,strict,27,8.456256000034045
2,sumArray,strict,28,8.596427000011317
2,sumArray,strict,29,8.12829199997941
2,sumArray,balanced,0,8.912315000023227
2,sumArray,balanced,1,8.95607299997937
2,sumArray,balanced,2,8.81899500003783
2,sumArray,balanced,3,8.671430000045802
2,sumArray,balanced,4,9.385450000001583
2,sumArray,balanced,5,8.436863999988418
2,sumArray,balanced,6,8.889232000045013
2,sumArray,balanced,7,8.703483999997843
2,sumArray,balanced,8,8.843408999964595
2,sumArray,balanced,9,8.724466000043321
2,sumArray,balanced,10,8.459602999966592
2,sumArray,balanced,11,8.864373999997042
2,sumArray,balanced,12,8.407210000033956
2,sumArray,balanced,13,7.960901000013109
2,sumArray,balanced,14,7.037034999986645
2,sumArray,balanced,15,7.121325000014622
2,sumArray,balanced,16,7.032034999981988
2,sumArray,balanced,17,6.98960500000976
2,sumArray,balanced,18,7.777775999973528
2,sumArray,balanced,19,12.213088000018615
2,sumArray,balanced,20,7.135359000007156
2,sumArray,balanced,21,7.2482140000211075
2,sumArray,balanced,22,7.160962000023574
2,sumArray,balanced,23,7.117870999965817
2,sumArray,balanced,24,7.657978000002913
2,sumArray,balanced,25,7.446339000016451
2,sumArray,balanced,26,8.52648300002329
2,sumArray,balanced,27,7.272958000015933
2,sumArray,balanced,28,7.053837000043131
2,sumArray,balanced,29,7.062689999991562
2,sumArray,performance,0,8.06508600001689
2,sumArray,performance,1,8.056838000018615
2,sumArray,performance,2,8.110117000003811
2,sumArray,performance,3,8.001706000010017
2,sumArray,performance,4,8.040451999986544
2,sumArray,performance,5,8.0690300000133
2,sumArray,performance,6,8.014534000016283
2,sumArray,performance,7,8.072165000019595
2,sumArray,performance,8,8.093233000021428
2,sumArray,performance,9,8.003929999948014
2,sumArray,performance,10,7.774941000039689
2,sumArray,performance,11,7.061040000000503
2,sumArray,performance,12,7.010393999982625
2,sumArray,performance,13,7.076062000007369
2,sumArray,performance,14,7.025046999973711
2,sumArray,performance,15,7.146950999973342
2,sumArray,performance,16,7.256684000021778
2,sumArray,performance,17,7.254689000023063
2,sumArray,performance,18,7.114010000019334
2,sumArray,performance,19,7.194154000026174
2,sumArray,performance,20,9.029082999972161
2,sumArray,performance,21,8.784199999994598
2,sumArray,performance,22,8.185200000007171
2,sumArray,performance,23,8.218458999996074
2,sumArray,performance,24,7.758820999995805
2,sumArray,performance,25,12.294294000021182
2,sumArray,performance,26,8.050839000032283
2,sumArray,performance,27,8.228622999973595
2,sumArray,performance,28,8.410904000047594
2,sumArray,performance,29,8.203289000026416
2,sumArray,budget:0.25,0,8.076369999966118
2,sumArray,budget:0.25,1,7.998491999984253
2,sumArray,budget:0.25,2,8.079306999978144
2,sumArray,budget:0.25,3,8.050647999974899
2,sumArray,budget:0.25,4,8.132819999998901
2,sumArray,budget:0.25,5,8.17968199995812
2,sumArray,budget:0.25,6,8.034912000002805
2,sumArray,budget:0.25,7,8.01483499997994
2,sumArray,budget:0.25,8,8.129478999995627
2,sumArray,budget:0.25,9,7.383778999967035
2,sumArray,budget:0.25,10,7.037078999972437
2,sumArray,budget:0.25,11,7.149480999971274
2,sumArray,budget:0.25,12,7.1837090000044554
2,sumArray,budget:0.25,13,8.383049000054598
2,sumArray,budget:0.25,14,8.064439000037964
2,sumArray,budget:0.25,15,8.118347999989055
2,sumArray,budget:0.25,16,7.09359800000675
2,sumArray,budget:0.25,17,7.120603999996092
2,sumArray,budget:0.25,18,7.897724999987986
2,sumArray,budget:0.25,19,8.25638599996455
2,sumArray,budget:0.25,20,8.110380000027362
2,sumArray,budget:0.25,21,9.06677200004924
2,sumArray,budget:0.25,22,8.178962000005413
2,sumArray,budget:0.25,23,8.328409000008833
2,sumArray,budget:0.25,24,8.20192100002896
2,sumArray,budget:0.25,25,8.977442000003066
2,sumArray,budget:0.25,26,10.524720000044908
2,sumArray,budget:0.25,27,10.02589300001273
2,sumArray,budget:0.25,28,8.914543999999296
2,sumArray,budget:0.25,29,9.994546000030823
2,sumArray,budget:0.5,0,8.41851599997608
2,sumArray,budget:0.5,1,8.703956999990623
2,sumArray,budget:0.5,2,8.591664000006858
2,sumArray,budget:0.5,3,9.163271000026725
2,sumArray,budget:0.5,4,8.400866999989375
2,sumArray,budget:0.5,5,8.622696999984328
2,sumArray,budget:0.5,6,8.317126000009011
2,sumArray,budget:0.5,7,8.583912000001874
2,sumArray,budget:0.5,8,8.500440999981947
2,sumArray,budget:0.5,9,8.498670000000857
2,sumArray,budget:0.5,10,8.633417000004556
2,sumArray,budget:0.5,11,7.137295999971684
2,sumArray,budget:0.5,12,6.949540000001434
2,sumArray,budget:0.5,13,6.973800999985542
2,sumArray,budget:0.5,14,7.062369999999646
2,sumArray,budget:0.5,15,7.0245669999858364
2,sumArray,budget:0.5,16,6.996639000019059
2,sumArray,budget:0.5,17,7.007232000003569
2,sumArray,budget:0.5,18,7.072080000012647
2,sumArray,budget:0.5,19,7.026768000039738
2,sumArray,budget:0.5,20,6.956576999975368
2,sumArray,budget:0.5,21,6.987089000002015
2,sumArray,budget:0.5,22,7.039332000014838
2,sumArray,budget:0.5,23,7.060479999985546
2,sumArray,budget:0.5,24,7.004067000001669
2,sumArray,budget:0.5,25,7.002855999977328
2,sumArray,budget:0.5,26,6.968450000043958
2,sumArray,budget:0.5,27,6.956433999992441
2,sumArray,budget:0.5,28,6.987086999986786
2,sumArray,budget:0.5,29,7.018625999975484
2,sumArray,chuang,0,6.992929000000004
2,sumArray,chuang,1,7.0915099999983795
2,sumArray,chuang,2,7.018421999993734
2,sumArray,chuang,3,7.009044000005815
2,sumArray,chuang,4,7.019938999961596
2,sumArray,chuang,5,6.954368999984581
2,sumArray,chuang,6,8.392127999977674
2,sumArray,chuang,7,8.49601599999005
2,sumArray,chuang,8,8.086134999990463
2,sumArray,chuang,9,7.973067000042647
2,sumArray,chuang,10,8.337660000019241
2,sumArray,chuang,11,8.277174999995623
2,sumArray,chuang,12,8.333194000006188
2,sumArray,chuang,13,8.276901999954134
2,sumArray,chuang,14,8.262205000035465
2,sumArray,chuang,15,8.192917999986093
2,sumArray,chuang,16,8.301103000005241
2,sumArray,chuang,17,8.226288000005297
2,sumArray,chuang,18,7.673692999989726
2,sumArray,chuang,19,7.089726999984123
2,sumArray,chuang,20,6.990743000002112
2,sumArray,chuang,21,7.063002000038978
2,sumArray,chuang,22,8.556764999986626
2,sumArray,chuang,23,8.200542000005953
2,sumArray,chuang,24,7.089798000000883
2,sumArray,chuang,25,7.310322999954224
2,sumArray,chuang,26,7.020602000004146
2,sumArray,chuang,27,7.025480999960564
2,sumArray,chuang,28,7.264790999994148
2,sumArray,chuang,29,7.095374000025913
2,prefixSum,none,0,11.0692450000206
2,prefixSum,none,1,10.639930000004824
2,prefixSum,none,2,11.225365999969654
2,prefixSum,none,3,10.856966999999713
2,prefixSum,none,4,10.644952000002377
2,prefixSum,none,5,10.682100999983959
2,prefixSum,none,6,10.660191000031773
2,prefixSum,none,7,10.675219999975525
2,prefixSum,none,8,14.72379900002852
2,prefixSum,none,9,11.476932000019588
2,prefixSum,none,10,13.375115000002552
2,prefixSum,none,11,12.814188999996986
2,prefixSum,none,12,11.448013999965042
2,prefixSum,none,13,10.501167999987956
2,prefixSum,none,14,11.063071000040509
2,prefixSum,none,15,10.65895199996885
2,prefixSum,none,16,10.868247999984305
2,prefixSum,none,17,12.143034000007901
2,prefixSum,none,18,12.048636999970768
2,prefixSum,none,19,11.94432800001232
2,prefixSum,none,20,12.002930000016931
2,prefixSum,none,21,11.912945999996737
2,prefixSum,none,22,12.248544999980368
2,prefixSum,none,23,12.066242999979295
2,prefixSum,none,24,12.014708000002429
2,prefixSum,none,25,11.921218000003137
2,prefixSum,none,26,11.949342000007164
2,prefixSum,none,27,11.891905999975279
2,prefixSum,none,28,12.092835000017658
2,prefixSum,none,29,10.513131999992765
2,prefixSum,full,0,12.106467999983579
2,prefixSum,full,1,11.942974000005051
2,prefixSum,full,2,11.984927000012249
2,prefixSum,full,3,11.998393999994732
2,prefixSum,full,4,12.17025799996918
2,prefixSum,full,5,12.24845000001369
2,prefixSum,full,6,12.30215699999826
2,prefixSum,full,7,12.24346800002968
2,prefixSum,full,8,12.19529900001362
2,prefixSum,full,9,12.145390000019688
2,prefixSum,full,10,11.962551000004169
2,prefixSum,full,11,11.972448999993503
2,prefixSum,full,12,12.229523000016343
2,prefixSum,full,13,12.270993000012822
2,prefixSum,full,14,12.150079999992158
2,prefixSum,full,15,12.094780999992508
2,prefixSum,full,16,12.229877999983728
2,prefixSum,full,17,12.331899000040721
2,prefixSum,full,18,12.182632999960333
2,prefixSum,full,19,12.257075000030454
2,prefixSum,full,20,12.208698000002187
2,prefixSum,full,21,12.263012000010349
2,prefixSum,full,22,12.399998999957461
2,prefixSum,full,23,12.268450999981724
2,prefixSum,full,24,12.10247799998615
2,prefixSum,full,25,12.165734000038356
2,prefixSum,full,26,12.300174999982119
2,prefixSum,full,27,12.235444999998435
2,prefixSum,full,28,12.104964999947697
2,prefixSum,full,29,12.105864999990445
2,prefixSum,proof,0,10.481482999981381
2,prefixSum,proof,1,10.441896000003908
2,prefixSum,proof,2,10.484236999996938
2,prefixSum,proof,3,10.543566000007559
2,prefixSum,proof,4,10.499429000017699
2,prefixSum,proof,5,10.500497000000905
2,prefixSum,proof,6,10.485593000019435
2,prefixSum,proof,7,10.487080999999307
2,prefixSum,proof,8,10.542472000000998
2,prefixSum,proof,9,11.545196000020951
2,prefixSum,proof,10,13.522649999998976
2,prefixSum,proof,11,10.680865000002086
2,prefixSum,proof,12,12.10408700001426
2,prefixSum,proof,13,10.50523000000976
2,prefixSum,proof,14,10.49836599995615
2,prefixSum,proof,15,10.49118399998406
2,prefixSum,proof,16,10.503840000019409
2,prefixSum,proof,17,10.517776000022423
2,prefixSum,proof,18,10.513166999968234
2,prefixSum,proof,19,10.489208999963012
2,prefixSum,proof,20,10.490061999997124
2,prefixSum,proof,21,10.48057199997129
2,prefixSum,proof,22,10.476049999997485
2,prefixSum,proof,23,10.43154899997171
2,prefixSum,proof,24,10.486533000017516
2,prefixSum,proof,25,10.479131999949459
2,prefixSum,proof,26,10.469639000017196
2,prefixSum,proof,27,10.537018999981228
2,prefixSum,proof,28,10.491596999985632
2,prefixSum,proof,29,10.494030000001658
2,prefixSum,strict,0,10.499700999993365
2,prefixSum,strict,1,10.488218999991659
2,prefixSum,strict,2,10.474455999967176
2,prefixSum,strict,3,10.50468000001274
2,prefixSum,strict,4,10.521523999981582
2,prefixSum,strict,5,10.525092999974731
2,prefixSum,strict,6,12.20254600001499
2,prefixSum,strict,7,12.481192999985069
2,prefixSum,strict,8,12.59319600003073
2,prefixSum,strict,9,12.692788999993354
2,prefixSum,strict,10,12.809328000003006
2,prefixSum,strict,11,11.979622000013478
2,prefixSum,strict,12,10.948055999993812
2,prefixSum,strict,13,11.121861000021454
2,prefixSum,strict,14,12.253791000053752
2,prefixSum,strict,15,10.690408999973442
2,prefixSum,strict,16,10.517912000010256
2,prefixSum,strict,17,10.565900999994483
2,prefixSum,strict,18,10.49927100003697
2,prefixSum,strict,19,11.089276999991853
2,prefixSum,strict,20,11.238596999959555
2,prefixSum,strict,21,12.041403000010177
2,prefixSum,strict,22,11.832425999979023
2,prefixSum,strict,23,11.777098999998998
2,prefixSum,strict,24,11.744994000007864
2,prefixSum,strict,25,11.731406999984756
2,prefixSum,strict,26,11.58639100001892
2,prefixSum,strict,27,11.830033000034746
2,prefixSum,strict,28,11.991525000019465
2,prefixSum,strict,29,10.526802000007592
2,prefixSum,balanced,0,15.099847999983467
2,prefixSum,balanced,1,11.842765000008512
2,prefixSum,balanced,2,10.68154299998423
2,prefixSum,balanced,3,12.210255999991205
2,prefixSum,balanced,4,12.14740899996832
2,prefixSum,balanced,5,12.140216000028886
2,prefixSum,balanced,6,12.027943000022788
2,prefixSum,balanced,7,12.155242000008002
2,prefixSum,balanced,8,12.22789300000295
2,prefixSum,balanced,9,12.128281999961473
2,prefixSum,balanced,10,10.550673999998253
2,prefixSum,balanced,11,10.444168000016361
2,prefixSum,balanced,12,10.49322000000393
2,prefixSum,balanced,13,10.71613100002287
2,prefixSum,balanced,14,11.42636300000595
2,prefixSum,balanced,15,11.500668000022415
2,prefixSum,balanced,16,11.114286999974865
2,prefixSum,balanced,17,12.149222000036389
2,prefixSum,balanced,18,12.125086000014562
2,prefixSum,balanced,19,12.05842900002608
2,prefixSum,balanced,20,12.103332999977283
2,prefixSum,balanced,21,12.110903000051621
2,prefixSum,balanced,22,12.065531000029296
2,prefixSum,balanced,23,11.446748000045773
2,prefixSum,balanced,24,12.887327999982517
2,prefixSum,balanced,25,12.266685999988113
2,prefixSum,balanced,26,12.400887999974657
2,prefixSum,balanced,27,12.60337799997069
2,prefixSum,balanced,28,12.329200000036508
2,prefixSum,balanced,29,12.128581999975722
2,prefixSum,performance,0,12.278026999963913
2,prefixSum,performance,1,12.019200999988243
2,prefixSum,performance,2,12.404722000006586
2,prefixSum,performance,3,12.365486999973655
2,prefixSum,performance,4,12.458248000009917
2,prefixSum,performance,5,11.562486000009812
2,prefixSum,performance,6,10.625115999951959
2,prefixSum,performance,7,10.557809000019915
2,prefixSum,performance,8,10.540448000014294
2,prefixSum,performance,9,10.499100999964867
2,prefixSum,performance,10,10.514162999985274
2,prefixSum,performance,11,10.571572999993805
2,prefixSum,performance,12,10.473647000035271
2,prefixSum,performance,13,10.577262000006158
2,prefixSum,performance,14,10.59434200002579
2,prefixSum,performance,15,10.525976000004448
2,prefixSum,performance,16,10.504496000008658
2,prefixSum,performance,17,10.643649999983609
2,prefixSum,performance,18,11.758843999996316
2,prefixSum,performance,19,10.677099999971688
2,prefixSum,performance,20,10.576521999959368
2,prefixSum,performance,21,10.912666000018362
2,prefixSum,performance,22,10.712632999988273
2,prefixSum,performance,23,10.990081999974791
2,prefixSum,performance,24,11.426624000014272
2,prefixSum,performance,25,11.690769000037108
2,prefixSum,performance,26,10.844064000004437
2,prefixSum,performance,27,11.500126000028104
2,prefixSum,performance,28,10.967648999998346
2,prefixSum,performance,29,11.647024000005331
2,prefixSum,budget:0.25,0,12.104578000027686
2,prefixSum,budget:0.25,1,12.161244000017177
2,prefixSum,budget:0.25,2,12.144073000003118
2,prefixSum,budget:0.25,3,12.063727999979164
2,prefixSum,budget:0.25,4,12.129737000039313
2,prefixSum,budget:0.25,5,12.204613999987487
2,prefixSum,budget:0.25,6,12.014093000034336
2,prefixSum,budget:0.25,7,12.031664000009187
2,prefixSum,budget:0.25,8,12.385175000003073
2,prefixSum,budget:0.25,9,11.198854000016581
2,prefixSum,budget:0.25,10,10.916874999995343
2,prefixSum,budget:0.25,11,10.875354000017978
2,prefixSum,budget:0.25,12,10.87462499999674
2,prefixSum,budget:0.25,13,12.003227000008337
2,prefixSum,budget:0.25,14,11.361572000023443
2,prefixSum,budget:0.25,15,12.034029999980703
2,prefixSum,budget:0.25,16,11.72754300001543
2,prefixSum,budget:0.25,17,10.991456000017934
2,prefixSum,budget:0.25,18,11.93386200000532
2,prefixSum,budget:0.25,19,12.255628999962937
2,prefixSum,budget:0.25,20,11.115493000019342
2,prefixSum,budget:0.25,21,10.788768999977037
2,prefixSum,budget:0.25,22,11.245848999998998
2,prefixSum,budget:0.25,23,11.566279999969993
2,prefixSum,budget:0.25,24,11.866161999991164
2,prefixSum,budget:0.25,25,10.614503999997396
2,prefixSum,budget:0.25,26,11.433006000006571
2,prefixSum,budget:0.25,27,10.984638999972958
2,prefixSum,budget:0.25,28,16.73057300003711
2,prefixSum,budget:0.25,29,11.027964999957476
2,prefixSum,budget:0.5,0,11.45185999997193
2,prefixSum,budget:0.5,1,10.84180400002515
2,prefixSum,budget:0.5,2,11.501309999963269
2,prefixSum,budget:0.5,3,10.564855000004172
2,prefixSum,budget:0.5,4,11.95561100001214
2,prefixSum,budget:0.5,5,10.674146999954246
2,prefixSum,budget:0.5,6,10.523179000010714
2,prefixSum,budget:0.5,7,10.554904000018723
2,prefixSum,budget:0.5,8,10.548260000010487
2,prefixSum,budget:0.5,9,11.010468000022229
2,prefixSum,budget:0.5,10,11.637507000006735
2,prefixSum,budget:0.5,11,11.21938099997351
2,prefixSum,budget:0.5,12,11.423796000017319
2,prefixSum,budget:0.5,13,11.526940999960061
2,prefixSum,budget:0.5,14,10.858245000010356
2,prefixSum,budget:0.5,15,11.536905999993905
2,prefixSum,budget:0.5,16,11.13110699999379
2,prefixSum,budget:0.5,17,11.76457699999446
2,prefixSum,budget:0.5,18,12.220874000049662
2,prefixSum,budget:0.5,19,12.204227000009269
2,prefixSum,budget:0.5,20,12.140796999970917
2,prefixSum,budget:0.5,21,12.167360999970697
2,prefixSum,budget:0.5,22,12.285660000052303
2,prefixSum,budget:0.5,23,12.061227999976836
2,prefixSum,budget:0.5,24,12.044010999961756
2,prefixSum,budget:0.5,25,12.197463000018615
2,prefixSum,budget:0.5,26,11.997524000005797
2,prefixSum,budget:0.5,27,12.126020999974571
2,prefixSum,budget:0.5,28,12.026331999979448
2,prefixSum,budget:0.5,29,11.336874999979045
2,prefixSum,chuang,0,12.168398000008892
2,prefixSum,chuang,1,13.818902000028174
2,prefixSum,chuang,2,13.306747000024188
2,prefixSum,chuang,3,13.528944000019692
2,prefixSum,chuang,4,13.82486599998083
2,prefixSum,chuang,5,12.546478999953251
2,prefixSum,chuang,6,12.928463999996893
2,prefixSum,chuang,7,12.50912399997469
2,prefixSum,chuang,8,12.82684600003995
2,prefixSum,chuang,9,12.025102999992669
2,prefixSum,chuang,10,12.984373999992386
2,prefixSum,chuang,11,12.195084000006318
2,prefixSum,chuang,12,10.600193999998737
2,prefixSum,chuang,13,10.617285000043921
2,prefixSum,chuang,14,10.544106999994256
2,prefixSum,chuang,15,10.576209000020754
2,prefixSum,chuang,16,10.576284000009764
2,prefixSum,chuang,17,10.531353000027593
2,prefixSum,chuang,18,10.59262700000545
2,prefixSum,chuang,19,10.574099999968894
2,prefixSum,chuang,20,10.51610199996503
2,prefixSum,chuang,21,10.519522999995388
2,prefixSum,chuang,22,10.519010000047274
2,prefixSum,chuang,23,10.563721999991685
2,prefixSum,chuang,24,10.485733999987133
2,prefixSum,chuang,25,10.538235999993049
2,prefixSum,chuang,26,10.55288400000427
2,prefixSum,chuang,27,10.500958999968134
2,prefixSum,chuang,28,10.52661999996053
2,prefixSum,chuang,29,10.502402999962214
2,dot,none,0,10.017096999974456
2,dot,none,1,9.399892000015825
2,dot,none,2,9.191008999943733
2,dot,none,3,9.358665000007022
2,dot,none,4,9.332732999988366
2,dot,none,5,9.123085999977775
2,dot,none,6,10.411572000011802
2,dot,none,7,9.36604900000384
2,dot,none,8,9.248810999968555
2,dot,none,9,9.679992999997921
2,dot,none,10,9.225811000040267
2,dot,none,11,9.233073999988846
2,dot,none,12,9.216712999972515
2,dot,none,13,9.213515000010375
2,dot,none,14,9.13524299999699
2,dot,none,15,9.92683999997098
2,dot,none,16,11.003794000018388
2,dot,none,17,11.809822999988683
2,dot,none,18,11.68211200000951
2,dot,none,19,9.976015999971423
2,dot,none,20,11.478102000022773
2,dot,none,21,11.756096999975853
2,dot,none,22,11.705040999979246
2,dot,none,23,11.78650300001027
2,dot,none,24,11.819915000000037
2,dot,none,25,11.782433999993373
2,dot,none,26,9.268775000004098
2,dot,none,27,9.172901000012644
2,dot,none,28,9.676733999978751
2,dot,none,29,9.30471600004239
2,dot,full,0,15.140736000030302
2,dot,full,1,12.629589000018314
2,dot,full,2,11.54087199998321
2,dot,full,3,14.343804000003729
2,dot,full,4,11.065340000030119
2,dot,full,5,11.420563000021502
2,dot,full,6,17.227813999983482
2,dot,full,7,10.796712000039406
2,dot,full,8,10.673595000000205
2,dot,full,9,11.358201999973971
2,dot,full,10,12.493077000021003
2,dot,full,11,11.623856000020169
2,dot,full,12,11.784309999959078
2,dot,full,13,11.139194999996107
2,dot,full,14,11.028227999981027
2,dot,full,15,11.759493999998085
2,dot,full,16,11.301427999977022
2,dot,full,17,10.986005000013392
2,dot,full,18,10.65098500001477
2,dot,full,19,10.931437999999616
2,dot,full,20,10.763642999983858
2,dot,full,21,10.673360000015236
2,dot,full,22,10.89842799998587
2,dot,full,23,10.708069999993313
2,dot,full,24,10.941554000019096
2,dot,full,25,14.442352999991272
2,dot,full,26,11.36859299999196
2,dot,full,27,13.063085999980103
2,dot,full,28,13.26103300001705
2,dot,full,29,10.926860999956261
2,dot,proof,0,12.900825000018813
2,dot,proof,1,13.081555999990087
2,dot,proof,2,12.962483000010252
2,dot,proof,3,12.888043000013568
2,dot,proof,4,13.054671000048984
2,dot,proof,5,13.19559300004039
2,dot,proof,6,12.981415000045672
2,dot,proof,7,13.014892000006512
2,dot,proof,8,12.915832000027876
2,dot,proof,9,12.935666000004858
2,dot,proof,10,12.733146999962628
2,dot,proof,11,12.870361000008415
2,dot,proof,12,13.018348999961745
2,dot,proof,13,9.723594999988563
2,dot,proof,14,9.869863999949303
2,dot,proof,15,9.834611999976914
2,dot,proof,16,10.123543000023346
2,dot,proof,17,9.922208999982104
2,dot,proof,18,9.986776000005193
2,dot,proof,19,9.652044999995269
2,dot,proof,20,9.746225999959279
2,dot,proof,21,9.853303999989294
2,dot,proof,22,10.22573799995007
2,dot,proof,23,10.093886999995448
2,dot,proof,24,12.342472999996971
2,dot,proof,25,9.670576000004075
2,dot,proof,26,9.76648800005205
2,dot,proof,27,9.975955999980215
2,dot,proof,28,9.863703000009991
2,dot,proof,29,10.575844999984838
2,dot,strict,0,10.177388999960385
2,dot,strict,1,9.129103999992367
2,dot,strict,2,9.180348000023514
2,dot,strict,3,9.627207999990787
2,dot,strict,4,9.126451999996789
2,dot,strict,5,11.024528000038117
2,dot,strict,6,9.3512069999706
2,dot,strict,7,9.786297999962699
2,dot,strict,8,14.690165000036359
2,dot,strict,9,11.178886999958195
2,dot,strict,10,11.18446599994786
2,dot,strict,11,11.192159999976866
2,dot,strict,12,11.074897999991663
2,dot,strict,13,11.106534000020474
2,dot,strict,14,11.17282099998556
2,dot,strict,15,11.423832000000402
2,dot,strict,16,11.172873000032268
2,dot,strict,17,11.747244000027422
2,dot,strict,18,11.581117000023369
2,dot,strict,19,11.663616999983788
2,dot,strict,20,11.650206999969669
2,dot,strict,21,11.752171999949496
2,dot,strict,22,11.568169000034686
2,dot,strict,23,11.697953999973834
2,dot,strict,24,11.314207000017632
2,dot,strict,25,11.20633600000292
2,dot,strict,26,9.322851000004448
2,dot,strict,27,9.943081000004895
2,dot,strict,28,9.3293999999878
2,dot,strict,29,9.39617600000929
2,dot,balanced,0,9.62427500000922
2,dot,balanced,1,9.686724999977741
2,dot,balanced,2,9.56871099997079
2,dot,balanced,3,9.615560000005644
2,dot,balanced,4,9.262618000037037
2,dot,balanced,5,9.164588000043295
2,dot,balanced,6,10.066166000033263
2,dot,balanced,7,11.657102000026498
2,dot,balanced,8,11.135171000030823
2,dot,balanced,9,11.716875999991316
2,dot,balanced,10,11.978655999992043
2,dot,balanced,11,12.122745999949984
2,dot,balanced,12,11.927444000029936
2,dot,balanced,13,11.897322000004351
2,dot,balanced,14,11.760588000004645
2,dot,balanced,15,9.988524999993388
2,dot,balanced,16,11.834121000021696
2,dot,balanced,17,12.283396999991965
2,dot,balanced,18,11.224817999987863
2,dot,balanced,19,11.580799000046682
2,dot,balanced,20,12.248069999972358
2,dot,balanced,21,12.114487000042573
2,dot,balanced,22,12.010216999973636
2,dot,balanced,23,11.855165999964811
2,dot,balanced,24,11.950218000041787
2,dot,balanced,25,12.051842999993823
2,dot,balanced,26,11.956188999989536
2,dot,balanced,27,12.20278499997221
2,dot,balanced,28,12.158158000034746
2,dot,balanced,29,12.396834999963176
2,dot,performance,0,9.13521000003675
2,dot,performance,1,9.197342999977991
2,dot,performance,2,10.515983999997843
2,dot,performance,3,10.523044000030495
2,dot,performance,4,9.574849000026006
2,dot,performance,5,9.738855000003241
2,dot,performance,6,12.936242000025231
2,dot,performance,7,12.956797000020742
2,dot,performance,8,12.892833999998402
2,dot,performance,9,12.889899000001606
2,dot,performance,10,12.941087000013795
2,dot,performance,11,12.790324999950826
2,dot,performance,12,12.955353999976069
2,dot,performance,13,12.790129000029992
2,dot,performance,14,12.793747999996413
2,dot,performance,15,10.179821000027005
2,dot,performance,16,11.461042000039015
2,dot,performance,17,11.496105999976862
2,dot,performance,18,11.694644999981392
2,dot,performance,19,11.629026999988127
2,dot,performance,20,11.750268999952823
2,dot,performance,21,11.619747999997344
2,dot,performance,22,11.486685000010766
2,dot,performance,23,11.41752900002757
2,dot,performance,24,11.488173999998253
2,dot,performance,25,11.557121000019833
2,dot,performance,26,11.606027000001632
2,dot,performance,27,11.530641999968793
2,dot,performance,28,11.697733999986667
2,dot,performance,29,11.403311000030953
2,dot,budget:0.25,0,10.551700000010896
2,dot,budget:0.25,1,10.617028999957256
2,dot,budget:0.25,2,9.815903999959119
2,dot,budget:0.25,3,9.456584999978077
2,dot,budget:0.25,4,9.446202000021003
2,dot,budget:0.25,5,9.415859000000637
2,dot,budget:0.25,6,9.416528000030667
2,dot,budget:0.25,7,9.551806000003126
2,dot,budget:0.25,8,9.941420999995898
2,dot,budget:0.25,9,9.308822999999393
2,dot,budget:0.25,10,10.027295000036247
2,dot,budget:0.25,11,10.171871999977157
2,dot,budget:0.25,12,9.945613000018056
2,dot,budget:0.25,13,9.327109000005294
2,dot,budget:0.25,14,9.402923999994528
2,dot,budget:0.25,15,9.616955999983475
2,dot,budget:0.25,16,9.352982999989763
2,dot,budget:0.25,17,9.153616999974474
2,dot,budget:0.25,18,9.212270999967586
2,dot,budget:0.25,19,9.148320999986026
2,dot,budget:0.25,20,9.212201000016648
2,dot,budget:0.25,21,9.324326000001747
2,dot,budget:0.25,22,9.151937999995425
2,dot,budget:0.25,23,9.239816999994218
2,dot,budget:0.25,24,12.396639999991748
2,dot,budget:0.25,25,12.933235999953467
2,dot,budget:0.25,26,18.21550799999386
2,dot,budget:0.25,27,13.208500000007916
2,dot,budget:0.25,28,12.996912999951746
2,dot,budget:0.25,29,13.089947999978904
2,dot,budget:0.5,0,14.984965000010561
2,dot,budget:0.5,1,15.139551999978721
2,dot,budget:0.5,2,11.533274999994319
2,dot,budget:0.5,3,11.770928999991156
2,dot,budget:0.5,4,15.478208999964409
2,dot,budget:0.5,5,14.183225000044331
2,dot,budget:0.5,6,14.182386000000406
2,dot,budget:0.5,7,10.883047999988776
2,dot,budget:0.5,8,9.345601000008173
2,dot,budget:0.5,9,9.205231999978423
2,dot,budget:0.5,10,9.498921999998856
2,dot,budget:0.5,11,9.529349999967963
2,dot,budget:0.5,12,9.488056999980472
2,dot,budget:0.5,13,9.671526000020094
2,dot,budget:0.5,14,9.330842000024859
2,dot,budget:0.5,15,9.260581000009552
2,dot,budget:0.5,16,9.441456999978982
2,dot,budget:0.5,17,9.324920999992173
2,dot,budget:0.5,18,9.233066999993753
2,dot,budget:0.5,19,9.459307000041008
2,dot,budget:0.5,20,9.372653999947943
2,dot,budget:0.5,21,9.50093800004106
2,dot,budget:0.5,22,9.512267999991309
2,dot,budget:0.5,23,9.355373999977019
2,dot,budget:0.5,24,9.220320000022184
2,dot,budget:0.5,25,9.497060999972746
2,dot,budget:0.5,26,9.807048999995459
2,dot,budget:0.5,27,9.425138999999035
2,dot,budget:0.5,28,9.243455999996513
2,dot,budget:0.5,29,9.470136999967508
2,dot,chuang,0,9.819052000006195
2,dot,chuang,1,11.251676000014413
2,dot,chuang,2,11.718365999986418
2,dot,chuang,3,11.856360999983735
2,dot,chuang,4,11.81421500002034
2,dot,chuang,5,11.736664000025485
2,dot,chuang,6,11.854214000049978
2,dot,chuang,7,11.843456999980845
2,dot,chuang,8,11.791003999998793
2,dot,chuang,9,11.799752999970224
2,dot,chuang,10,11.781440999999177
2,dot,chuang,11,11.983907000045292
2,dot,chuang,12,11.725738000008278
2,dot,chuang,13,11.798410999996122
2,dot,chuang,14,11.802969000011217
2,dot,chuang,15,11.761628000007477
2,dot,chuang,16,11.859500999969896
2,dot,chuang,17,11.772760000021663
2,dot,chuang,18,11.889720999985002
2,dot,chuang,19,11.784143000026233
2,dot,chuang,20,11.810020999982953
2,dot,chuang,21,11.696883999975398
2,dot,chuang,22,11.78509599994868
2,dot,chuang,23,11.857694000005722
2,dot,chuang,24,11.740990000020247
2,dot,chuang,25,11.814807999995537
2,dot,chuang,26,11.808400999987498
2,dot,chuang,27,11.735381999984384
2,dot,chuang,28,11.81299599999329
2,dot,chuang,29,11.743025000032503
2,axpy,none,0,9.120521000004373
2,axpy,none,1,9.100395000015851
2,axpy,none,2,9.153361000004224
2,axpy,none,3,11.251639999973122
2,axpy,none,4,12.397384999960195
2,axpy,none,5,12.180151999986265
2,axpy,none,6,12.071172999974806
2,axpy,none,7,12.15684200002579
2,axpy,none,8,12.072901000035927
2,axpy,none,9,11.912061999959406
2,axpy,none,10,12.02434100001119
2,axpy,none,11,12.053918000019621
2,axpy,none,12,11.935152999998536
2,axpy,none,13,11.951483999961056
2,axpy,none,14,11.982172999996692
2,axpy,none,15,12.021944999985863
2,axpy,none,16,12.117232999997213
2,axpy,none,17,12.054581000003964
2,axpy,none,18,12.158067000040319
2,axpy,none,19,11.977658000017982
2,axpy,none,20,12.025803000025917
2,axpy,none,21,11.903755000035744
2,axpy,none,22,12.007983000017703
2,axpy,none,23,11.97787000000244
2,axpy,none,24,11.975751000049058
2,axpy,none,25,12.03526899998542
2,axpy,none,26,12.076774000015575
2,axpy,none,27,11.88925599999493
2,axpy,none,28,11.004936999990605
2,axpy,none,29,9.10582500003511
2,axpy,full,0,13.619238999963272
2,axpy,full,1,22.46022399998037
2,axpy,full,2,15.85975399997551
2,axpy,full,3,18.18768200004706
2,axpy,full,4,14.72988699999405
2,axpy,full,5,19.489157999982126
2,axpy,full,6,14.326430999964941
2,axpy,full,7,15.05799299996579
2,axpy,full,8,13.345257000008132
2,axpy,full,9,13.35324899997795
2,axpy,full,10,18.878246999986004
2,axpy,full,11,22.719304000027478
2,axpy,full,12,19.62998999998672
2,axpy,full,13,19.70685499999672
2,axpy,full,14,15.268441000021994
2,axpy,full,15,14.516461000021081
2,axpy,full,16,13.439382000011392
2,axpy,full,17,18.105143999971915
2,axpy,full,18,17.92469399998663
2,axpy,full,19,14.399333000008482
2,axpy,full,20,19.561945000023115
2,axpy,full,21,14.954177999985404
2,axpy,full,22,13.057327000016812
2,axpy,full,23,13.3132709999918
2,axpy,full,24,16.384330999979284
2,axpy,full,25,14.303929000045173
2,axpy,full,26,13.250753000029363
2,axpy,full,27,14.807272000005469
2,axpy,full,28,16.27208399999654
2,axpy,full,29,25.019106000021566
2,axpy,proof,0,13.180457999987993
2,axpy,proof,1,13.017027000023518
2,axpy,proof,2,12.818191999976989
2,axpy,proof,3,13.029612999991514
2,axpy,proof,4,13.12826299999142
2,axpy,proof,5,13.041701000009198
2,axpy,proof,6,12.87673800002085
2,axpy,proof,7,13.01111999998102
2,axpy,proof,8,13.070380999997724
2,axpy,proof,9,12.757691999955568
2,axpy,proof,10,12.991920999949798
2,axpy,proof,11,12.866759999946225
2,axpy,proof,12,12.971298000018578
2,axpy,proof,13,14.215997999999672
2,axpy,proof,14,15.464336000033654
2,axpy,proof,15,13.382821999955922
2,axpy,proof,16,13.042123000021093
2,axpy,proof,17,13.08589899999788
2,axpy,proof,18,13.661836000042967
2,axpy,proof,19,28.00416499999119
2,axpy,proof,20,16.293990000034682
2,axpy,proof,21,14.366395999968518
2,axpy,proof,22,13.560425999981817
2,axpy,proof,23,17.136678999988362
2,axpy,proof,24,23.429177000012714
2,axpy,proof,25,23.657608000037726
2,axpy,proof,26,23.535731000010855
2,axpy,proof,27,24.747174999967683
2,axpy,proof,28,22.406050999998115
2,axpy,proof,29,24.70793199999025
2,axpy,strict,0,11.101966999995057
2,axpy,strict,1,10.53470700001344
2,axpy,strict,2,14.882815000019036
2,axpy,strict,3,12.174896000011358
2,axpy,strict,4,10.52293599996483
2,axpy,strict,5,10.270010000036564
2,axpy,strict,6,10.429989999975078
2,axpy,strict,7,10.511013000039384
2,axpy,strict,8,10.183412999962457
2,axpy,strict,9,10.331425000040326
2,axpy,strict,10,10.312595999974292
2,axpy,strict,11,10.244548999995459
2,axpy,strict,12,10.1482819999801
2,axpy,strict,13,10.170901000034064
2,axpy,strict,14,10.295559999998659
2,axpy,strict,15,10.214790000056382
2,axpy,strict,16,10.35720000002766
2,axpy,strict,17,11.411484999989625
2,axpy,strict,18,10.228581000003032
2,axpy,strict,19,10.33233599999221
2,axpy,strict,20,11.768049000005703
2,axpy,strict,21,11.85979600000428
2,axpy,strict,22,13.102834999968763
2,axpy,strict,23,11.93593699997291
2,axpy,strict,24,10.18553499999689
2,axpy,strict,25,10.162432999990415
2,axpy,strict,26,10.420165000017732
2,axpy,strict,27,12.316938000032678
2,axpy,strict,28,13.288763999997173
2,axpy,strict,29,12.47063600004185
2,axpy,balanced,0,9.202895000053104
2,axpy,balanced,1,9.301856999984011
2,axpy,balanced,2,9.247205000021495
2,axpy,balanced,3,9.312068000028376
2,axpy,balanced,4,9.441339000011794
2,axpy,balanced,5,9.235754000023007
2,axpy,balanced,6,9.326899000036065
2,axpy,balanced,7,9.067439000005834
2,axpy,balanced,8,9.2094030000153
2,axpy,balanced,9,9.05340899998555
2,axpy,balanced,10,9.345182999968529
2,axpy,balanced,11,9.05733500001952
2,axpy,balanced,12,9.141545999969821
2,axpy,balanced,13,9.559199999959674
2,axpy,balanced,14,9.113928999984637
2,axpy,balanced,15,9.23168899997836
2,axpy,balanced,16,9.067420999985188
2,axpy,balanced,17,9.503489000024274
2,axpy,balanced,18,9.148960999969859
2,axpy,balanced,19,9.367162000038661
2,axpy,balanced,20,15.952755000034813
2,axpy,balanced,21,9.3811299999943
2,axpy,balanced,22,9.653132000006735
2,axpy,balanced,23,10.392135999980383
2,axpy,balanced,24,11.908916000043973
2,axpy,balanced,25,14.743971000018064
2,axpy,balanced,26,12.396171999978833
2,axpy,balanced,27,10.964095000002999
2,axpy,balanced,28,10.530506999988575
2,axpy,balanced,29,11.973035000031814
2,axpy,performance,0,13.38214900001185
2,axpy,performance,1,13.721808000002056
2,axpy,performance,2,14.121303000021726
2,axpy,performance,3,13.496742999996059
2,axpy,performance,4,13.077846999978647
2,axpy,performance,5,13.466489999962505
2,axpy,performance,6,14.598110000020824
2,axpy,performance,7,13.301653000002261
2,axpy,performance,8,13.317371000011917
2,axpy,performance,9,13.519379000004847
2,axpy,performance,10,13.523191999993287
2,axpy,performance,11,13.792412999959197
2,axpy,performance,12,13.671119000006001
2,axpy,performance,13,13.590426000009757
2,axpy,performance,14,13.85369100002572
2,axpy,performance,15,13.73667899996508
2,axpy,performance,16,13.286175999965053
2,axpy,performance,17,13.51831499999389
2,axpy,performance,18,13.903682000003755
2,axpy,performance,19,13.045787000039127
2,axpy,performance,20,13.854603999992833
2,axpy,performance,21,13.211100000014994
2,axpy,performance,22,13.23213299998315
2,axpy,performance,23,13.284408000006806
2,axpy,performance,24,13.169605000002775
2,axpy,performance,25,13.183116000029258
2,axpy,performance,26,13.21089899999788
2,axpy,performance,27,13.146623999986332
2,axpy,performance,28,13.274112999963108
2,axpy,performance,29,13.264415999990888
2,axpy,budget:0.25,0,9.19903499999782
2,axpy,budget:0.25,1,9.075152999954298
2,axpy,budget:0.25,2,9.091001000022516
2,axpy,budget:0.25,3,9.057909999974072
2,axpy,budget:0.25,4,9.093605000001844
2,axpy,budget:0.25,5,11.057574000034947
2,axpy,budget:0.25,6,9.221947000012733
2,axpy,budget:0.25,7,10.261080000025686
2,axpy,budget:0.25,8,10.015526000002865
2,axpy,budget:0.25,9,9.887133999960497
2,axpy,budget:0.25,10,9.445119999989402
2,axpy,budget:0.25,11,9.715968999953475
2,axpy,budget:0.25,12,11.575241999991704
2,axpy,budget:0.25,13,9.558966999989934
2,axpy,budget:0.25,14,9.446855999995023
2,axpy,budget:0.25,15,9.693369999993593
2,axpy,budget:0.25,16,9.438836999994237
2,axpy,budget:0.25,17,9.78980299999239
2,axpy,budget:0.25,18,9.948995999991894
2,axpy,budget:0.25,19,9.583181000023615
2,axpy,budget:0.25,20,9.5205839999835
2,axpy,budget:0.25,21,10.840847000014037
2,axpy,budget:0.25,22,9.059935999976005
2,axpy,budget:0.25,23,11.466676000040025
2,axpy,budget:0.25,24,11.861341000010725
2,axpy,budget:0.25,25,11.81287299998803
2,axpy,budget:0.25,26,11.810102999967057
2,axpy,budget:0.25,27,12.002104000013787
2,axpy,budget:0.25,28,11.791159000014886
2,axpy,budget:0.25,29,11.939554000040516
2,axpy,budget:0.5,0,10.118599000037648
2,axpy,budget:0.5,1,9.639805000042543
2,axpy,budget:0.5,2,12.241620999993756
2,axpy,budget:0.5,3,9.96136800001841
2,axpy,budget:0.5,4,10.503102999995463
2,axpy,budget:0.5,5,9.911450000014156
2,axpy,budget:0.5,6,9.734911000006832
2,axpy,budget:0.5,7,9.908043000032194
2,axpy,budget:0.5,8,9.843912000011187
2,axpy,budget:0.5,9,11.47241099999519
2,axpy,budget:0.5,10,11.357029999955557
2,axpy,budget:0.5,11,11.302047000033781
2,axpy,budget:0.5,12,11.838010999956168
2,axpy,budget:0.5,13,11.481701000011526
2,axpy,budget:0.5,14,10.059660000028089
2,axpy,budget:0.5,15,10.058006000006571
2,axpy,budget:0.5,16,12.660630000056699
2,axpy,budget:0.5,17,12.053382000012789
2,axpy,budget:0.5,18,12.325917000009213
2,axpy,budget:0.5,19,12.129400999983773
2,axpy,budget:0.5,20,11.987378999998327
2,axpy,budget:0.5,21,12.20826099999249
2,axpy,budget:0.5,22,12.171808000013698
2,axpy,budget:0.5,23,12.02190699998755
2,axpy,budget:0.5,24,12.085434000007808
2,axpy,budget:0.5,25,11.92539399996167
2,axpy,budget:0.5,26,12.21459099999629
2,axpy,budget:0.5,27,12.014594000007492
2,axpy,budget:0.5,28,12.0453480000142
2,axpy,budget:0.5,29,12.09127100004116
2,axpy,chuang,0,14.391367000003811
2,axpy,chuang,1,14.262846999976318
2,axpy,chuang,2,14.252691000001505
2,axpy,chuang,3,14.4927950000274
2,axpy,chuang,4,14.2686939999694
2,axpy,chuang,5,14.31254200002877
2,axpy,chuang,6,14.602529000025243
2,axpy,chuang,7,14.230106999981217
2,axpy,chuang,8,14.486366000026464
2,axpy,chuang,9,14.380054999957792
2,axpy,chuang,10,11.309138999960851
2,axpy,chuang,11,11.382632999971975
2,axpy,chuang,12,11.741505000041798
2,axpy,chuang,13,15.436640000029001
2,axpy,chuang,14,18.285191000031773
2,axpy,chuang,15,19.10283100005472
2,axpy,chuang,16,21.57284500001697
2,axpy,chuang,17,16.136218000028748
2,axpy,chuang,18,14.10933600005228
2,axpy,chuang,19,14.918597000010777
2,axpy,chuang,20,15.087752000021283
2,axpy,chuang,21,14.87041999999201
2,axpy,chuang,22,15.385150000045542
2,axpy,chuang,23,14.972952999989502
2,axpy,chuang,24,15.170188000018243
2,axpy,chuang,25,15.075333999993745
2,axpy,chuang,26,14.539561000012327
2,axpy,chuang,27,14.83018600003561
2,axpy,chuang,28,14.986636999994516
2,axpy,chuang,29,15.281445999979042
2,matvec,none,0,8.229172999970615
2,matvec,none,1,8.358102999976836
2,matvec,none,2,16.101961000007577
2,matvec,none,3,12.119548000046052
2,matvec,none,4,8.669908999989275
2,matvec,none,5,9.167819000023883
2,matvec,none,6,8.71448700001929
2,matvec,none,7,9.009536000026856
2,matvec,none,8,8.289785000029951
2,matvec,none,9,8.273333000019193
2,matvec,none,10,9.235868000017945
2,matvec,none,11,8.498060999962036
2,matvec,none,12,9.597324999980628
2,matvec,none,13,9.460273999953642
2,matvec,none,14,9.345180000003893
2,matvec,none,15,8.99466999998549
2,matvec,none,16,8.94721200002823
2,matvec,none,17,9.013383999990765
2,matvec,none,18,8.888197000022046
2,matvec,none,19,13.674964000005275
2,matvec,none,20,8.538263999973424
2,matvec,none,21,8.227098000003025
2,matvec,none,22,10.762558000045829
2,matvec,none,23,10.667703999963123
2,matvec,none,24,10.276030000008177
2,matvec,none,25,8.921720000042114
2,matvec,none,26,10.93622700002743
2,matvec,none,27,8.75528199999826
2,matvec,none,28,9.088091999990866
2,matvec,none,29,8.436979999998584
2,matvec,full,0,12.923737999983132
2,matvec,full,1,14.702060999989044
2,matvec,full,2,14.987447999999858
2,matvec,full,3,16.151874999981374
2,matvec,full,4,13.214498999994248
2,matvec,full,5,13.393572000029963
2,matvec,full,6,13.428812000027392
2,matvec,full,7,13.403515000012703
2,matvec,full,8,12.748343000013847
2,matvec,full,9,11.47388599999249
2,matvec,full,10,15.513968000013847
2,matvec,full,11,11.58405700000003
2,matvec,full,12,11.436358999984805
2,matvec,full,13,11.501534999988507
2,matvec,full,14,11.400713999988511
2,matvec,full,15,11.471244000014849
2,matvec,full,16,12.510437999968417
2,matvec,full,17,12.646917999954894
2,matvec,full,18,13.324006000009831
2,matvec,full,19,12.207047000003513
2,matvec,full,20,12.077656000037678
2,matvec,full,21,12.56280799995875
2,matvec,full,22,12.001782999956049
2,matvec,full,23,14.238768999988679
2,matvec,full,24,12.753856000024825
2,matvec,full,25,11.78495500003919
2,matvec,full,26,15.498785000003409
2,matvec,full,27,14.246852000011131
2,matvec,full,28,14.897114999999758
2,matvec,full,29,15.131962999992538
2,matvec,proof,0,13.134953999950085
2,matvec,proof,1,11.456012000038754
2,matvec,proof,2,11.398464000027161
2,matvec,proof,3,11.553206000011414
2,matvec,proof,4,11.448509999958333
2,matvec,proof,5,13.622051999962423
2,matvec,proof,6,18.811264000018127
2,matvec,proof,7,18.061997000011615
2,matvec,proof,8,18.02593900001375
2,matvec,proof,9,17.976830999949016
2,matvec,proof,10,18.000161000003573
2,matvec,proof,11,18.090010999992955
2,matvec,proof,12,17.88707900000736
2,matvec,proof,13,18.1140149999992
2,matvec,proof,14,18.162024999968708
2,matvec,proof,15,18.000599000020884
2,matvec,proof,16,17.643296999973245
2,matvec,proof,17,18.211213000002317
2,matvec,proof,18,18.04370799998287
2,matvec,proof,19,17.96946300001582
2,matvec,proof,20,17.895648999954574
2,matvec,proof,21,17.956949000013992
2,matvec,proof,22,17.88802100002067
2,matvec,proof,23,17.814071999979205
2,matvec,proof,24,17.853074999991804
2,matvec,proof,25,17.66032600001199
2,matvec,proof,26,18.01001600001473
2,matvec,proof,27,17.971698999986984
2,matvec,proof,28,17.558969000005163
2,matvec,proof,29,18.01106599997729
2,matvec,strict,0,15.719856000039726
2,matvec,strict,1,15.689040999975987
2,matvec,strict,2,15.83525100001134
2,matvec,strict,3,15.505775000026915
2,matvec,strict,4,15.713565000041854
2,matvec,strict,5,15.66881000000285
2,matvec,strict,6,15.433146000024863
2,matvec,strict,7,15.472764000005554
2,matvec,strict,8,15.553883999993559
2,matvec,strict,9,15.656071999983396
2,matvec,strict,10,15.656814999994822
2,matvec,strict,11,15.582185000006575
2,matvec,strict,12,15.755675999971572
2,matvec,strict,13,15.628002000041306
2,matvec,strict,14,15.571407000010367
2,matvec,strict,15,15.618931000004523
2,matvec,strict,16,15.588255000009667
2,matvec,strict,17,15.660077999986243
2,matvec,strict,18,15.66977500001667
2,matvec,strict,19,15.716185000026599
2,matvec,strict,20,13.343415000010282
2,matvec,strict,21,10.191375000053085
2,matvec,strict,22,13.09387300000526
2,matvec,strict,23,11.292556000000332
2,matvec,strict,24,13.729953999980353
2,matvec,strict,25,12.027086000016425
2,matvec,strict,26,15.866241000010632
2,matvec,strict,27,14.014594999956898
2,matvec,strict,28,12.868475000024773
2,matvec,strict,29,11.084219999960624
2,matvec,balanced,0,10.55270699999528
2,matvec,balanced,1,13.319625000003725
2,matvec,balanced,2,14.101561999996193
2,matvec,balanced,3,14.154643999994732
2,matvec,balanced,4,14.359304000041448
2,matvec,balanced,5,11.475925000035204
2,matvec,balanced,6,12.619271000032313
2,matvec,balanced,7,12.553373000002466
2,matvec,balanced,8,10.536106000014115
2,matvec,balanced,9,12.327147000003606
2,matvec,balanced,10,11.053911999973934
2,matvec,balanced,11,11.375504000054207
2,matvec,balanced,12,13.427089000004344
2,matvec,balanced,13,11.956279999983963
2,matvec,balanced,14,12.28746099997079
2,matvec,balanced,15,13.6266900000046
2,matvec,balanced,16,14.056256000010762
2,matvec,balanced,17,12.330575999978464
2,matvec,balanced,18,10.724448000022676
2,matvec,balanced,19,12.82205099996645
2,matvec,balanced,20,14.987503999960609
2,matvec,balanced,21,11.563861000002362
2,matvec,balanced,22,15.271682999969926
2,matvec,balanced,23,14.947820999950636
2,matvec,balanced,24,10.351693000004161
2,matvec,balanced,25,10.454231000039726
2,matvec,balanced,26,10.182326000009198
2,matvec,balanced,27,10.23689999995986
2,matvec,balanced,28,10.406122999964282
2,matvec,balanced,29,10.260254999971949
2,matvec,performance,0,8.239898999978323
2,matvec,performance,1,8.250906999979634
2,matvec,performance,2,8.268478000012692
2,matvec,performance,3,8.220123999984935
2,matvec,performance,4,8.25690300000133
2,matvec,performance,5,8.264780000026803
2,matvec,performance,6,8.214286000002176
2,matvec,performance,7,8.221412000013515
2,matvec,performance,8,8.394443000026513
2,matvec,performance,9,8.451574000006076
2,matvec,performance,10,9.447243000031449
2,matvec,performance,11,8.303145999961998
2,matvec,performance,12,8.234754999983124
2,matvec,performance,13,8.241053999983706
2,matvec,performance,14,8.305113999987952
2,matvec,performance,15,8.571033000014722
2,matvec,performance,16,8.293415000021923
2,matvec,performance,17,8.311994999996386
2,matvec,performance,18,8.22697600000538
2,matvec,performance,19,8.330873000028078
2,matvec,performance,20,8.313693000003695
2,matvec,performance,21,8.272575000009965
2,matvec,performance,22,8.378192999982275
2,matvec,performance,23,10.92374800000107
2,matvec,performance,24,10.54214699997101
2,matvec,performance,25,21.00366699998267
2,matvec,performance,26,14.700674999970943
2,matvec,performance,27,14.19926000002306
2,matvec,performance,28,20.82293700001901
2,matvec,performance,29,20.984371999977157
2,matvec,budget:0.25,0,9.049201000016183
2,matvec,budget:0.25,1,8.972729999979492
2,matvec,budget:0.25,2,9.690148000023328
2,matvec,budget:0.25,3,9.542033999983687
2,matvec,budget:0.25,4,9.492740999965463
2,matvec,budget:0.25,5,9.237589000025764
2,matvec,budget:0.25,6,9.314638999989256
2,matvec,budget:0.25,7,9.046964999986812
2,matvec,budget:0.25,8,9.336432000040077
2,matvec,budget:0.25,9,9.159794999985024
2,matvec,budget:0.25,10,9.013601000013296
2,matvec,budget:0.25,11,9.449092000024393
2,matvec,budget:0.25,12,9.063991000002716
2,matvec,budget:0.25,13,9.5456000000122
2,matvec,budget:0.25,14,9.007864999992307
2,matvec,budget:0.25,15,9.106849000032526
2,matvec,budget:0.25,16,9.165863000031095
2,matvec,budget:0.25,17,9.49626200000057
2,matvec,budget:0.25,18,9.126630000013392
2,matvec,budget:0.25,19,9.035345999989659
2,matvec,budget:0.25,20,9.157416000030935
2,matvec,budget:0.25,21,8.965278000046965
2,matvec,budget:0.25,22,8.968744999961928
2,matvec,budget:0.25,23,9.001683999958914
2,matvec,budget:0.25,24,9.145331000036094
2,matvec,budget:0.25,25,8.930401999969035
2,matvec,budget:0.25,26,9.276512999960687
2,matvec,budget:0.25,27,9.036922999948729
2,matvec,budget:0.25,28,9.14772800001083
2,matvec,budget:0.25,29,9.075560999976005
2,matvec,budget:0.5,0,10.965156999998726
2,matvec,budget:0.5,1,9.005979000008665
2,matvec,budget:0.5,2,9.122911000042222
2,matvec,budget:0.5,3,9.322990000015125
2,matvec,budget:0.5,4,9.090459999977611
2,matvec,budget:0.5,5,8.99655999999959
2,matvec,budget:0.5,6,9.06202100001974
2,matvec,budget:0.5,7,9.278500999964308
2,matvec,budget:0.5,8,11.37847800005693
2,matvec,budget:0.5,9,14.603909000055864
2,matvec,budget:0.5,10,10.134419000009075
2,matvec,budget:0.5,11,9.960305000015069
2,matvec,budget:0.5,12,9.403828000009526
2,matvec,budget:0.5,13,10.63788300001761
2,matvec,budget:0.5,14,9.466041000036057
2,matvec,budget:0.5,15,9.160766999993939
2,matvec,budget:0.5,16,9.36658599996008
2,matvec,budget:0.5,17,10.01471900002798
2,matvec,budget:0.5,18,9.147701000038069
2,matvec,budget:0.5,19,9.193773999984842
2,matvec,budget:0.5,20,9.43344499997329
2,matvec,budget:0.5,21,9.467324000026565
2,matvec,budget:0.5,22,10.97396699996898
2,matvec,budget:0.5,23,12.814607999986038
2,matvec,budget:0.5,24,9.516364999988582
2,matvec,budget:0.5,25,10.721758999978192
2,matvec,budget:0.5,26,11.2478579999879
2,matvec,budget:0.5,27,9.872953000012785
2,matvec,budget:0.5,28,11.413791999977548
2,matvec,budget:0.5,29,9.881917999999132
2,matvec,chuang,0,8.328948000038508
2,matvec,chuang,1,8.77897500002291
2,matvec,chuang,2,9.061925999994855
2,matvec,chuang,3,9.09970100002829
2,matvec,chuang,4,8.558322999975644
2,matvec,chuang,5,8.54769999999553
2,matvec,chuang,6,8.833822000015061
2,matvec,chuang,7,8.519398999982513
2,matvec,chuang,8,8.39718199998606
2,matvec,chuang,9,8.41317200002959
2,matvec,chuang,10,8.222429000015836
2,matvec,chuang,11,8.538289999996778
2,matvec,chuang,12,8.28795500000706
2,matvec,chuang,13,8.74803899996914
2,matvec,chuang,14,12.502455000008922
2,matvec,chuang,15,12.601267999969423
2,matvec,chuang,16,12.533345000003465
2,matvec,chuang,17,12.49586799996905
2,matvec,chuang,18,12.51008100004401
2,matvec,chuang,19,11.951365999993868
2,matvec,chuang,20,12.462363000027835
2,matvec,chuang,21,12.521570999990217
2,matvec,chuang,22,12.590006999962498
2,matvec,chuang,23,12.790833999984898
2,matvec,chuang,24,13.082041000016034
2,matvec,chuang,25,12.923072000034153
2,matvec,chuang,26,11.653360000054818
2,matvec,chuang,27,8.416488000017125
2,matvec,chuang,28,8.979041999962647
2,matvec,chuang,29,10.97696400003042
2,stencil,none,0,10.266128999995999
2,stencil,none,1,10.151630999986082
2,stencil,none,2,10.372289999970235
2,stencil,none,3,10.174400000018068
2,stencil,none,4,10.6551750000217
2,stencil,none,5,10.124248999985866
2,stencil,none,6,10.139175999967847
2,stencil,none,7,10.097107000008691
2,stencil,none,8,10.299847999995109
2,stencil,none,9,10.039810999995098
2,stencil,none,10,10.103226999985054
2,stencil,none,11,10.15838999999687
2,stencil,none,12,9.981693999958225
2,stencil,none,13,10.210743999981787
2,stencil,none,14,10.14344999997411
2,stencil,none,15,11.201398000004701
2,stencil,none,16,10.308981999987736
2,stencil,none,17,10.372470000002068
2,stencil,none,18,10.493024000024889
2,stencil,none,19,11.217174999997951
2,stencil,none,20,10.121018000005279
2,stencil,none,21,10.386648999992758
2,stencil,none,22,12.13134900003206
2,stencil,none,23,12.728659999964293
2,stencil,none,24,12.605286000005435
2,stencil,none,25,10.236175000027288
2,stencil,none,26,10.257861000020057
2,stencil,none,27,10.450517999997828
2,stencil,none,28,10.104149000020698
2,stencil,none,29,10.191060000041034
2,stencil,full,0,17.542620000021998
2,stencil,full,1,15.686506999947596
2,stencil,full,2,24.105222999991383
2,stencil,full,3,24.218341000028886
2,stencil,full,4,21.93789200001629
2,stencil,full,5,22.038925000000745
2,stencil,full,6,21.488095000036992
2,stencil,full,7,21.851157999946736
2,stencil,full,8,22.42067700001644
2,stencil,full,9,21.49824600003194
2,stencil,full,10,21.46025699999882
2,stencil,full,11,21.309199000010267
2,stencil,full,12,21.304395999992266
2,stencil,full,13,23.328383999993093
2,stencil,full,14,22.754796000022907
2,stencil,full,15,23.726805999991484
2,stencil,full,16,23.5110290000448
2,stencil,full,17,22.68789000000106
2,stencil,full,18,21.88830200000666
2,stencil,full,19,21.927191000024322
2,stencil,full,20,22.271806000033394
2,stencil,full,21,22.6516910000355
2,stencil,full,22,20.332758000004105
2,stencil,full,23,21.521438999974634
2,stencil,full,24,21.531481999962125
2,stencil,full,25,22.915992000023834
2,stencil,full,26,19.754034999990836
2,stencil,full,27,15.361230999988038
2,stencil,full,28,21.966841000015847
2,stencil,full,29,26.34726700000465
2,stencil,proof,0,26.61867999995593
2,stencil,proof,1,26.8107060000184
2,stencil,proof,2,26.640287999995053
2,stencil,proof,3,26.74184299999615
2,stencil,proof,4,26.49615800002357
2,stencil,proof,5,26.536123999976553
2,stencil,proof,6,25.58575299999211
2,stencil,proof,7,18.423088999988977
2,stencil,proof,8,15.624397000006866
2,stencil,proof,9,17.816388999985065
2,stencil,proof,10,19.55751999997301
2,stencil,proof,11,19.203074000019114
2,stencil,proof,12,21.457030999998096
2,stencil,proof,13,17.502032999997027
2,stencil,proof,14,17.78608200000599
2,stencil,proof,15,16.726343999966048
2,stencil,proof,16,21.904251000029035
2,stencil,proof,17,24.357712999975774
2,stencil,proof,18,23.933454999991227
2,stencil,proof,19,22.727084000012837
2,stencil,proof,20,21.749511000001803
2,stencil,proof,21,21.0141500000027
2,stencil,proof,22,21.090322000032756
2,stencil,proof,23,20.952187000017148
2,stencil,proof,24,21.03178099996876
2,stencil,proof,25,20.3050430000294
2,stencil,proof,26,15.153860999969766
2,stencil,proof,27,20.722961999999825
2,stencil,proof,28,21.394954000017606
2,stencil,proof,29,21.701361000014003
2,stencil,strict,0,27.17426699999487
2,stencil,strict,1,21.363827000022866
2,stencil,strict,2,23.993239999981597
2,stencil,strict,3,25.7391859999625
2,stencil,strict,4,25.874952999991365
2,stencil,strict,5,25.813887000025716
2,stencil,strict,6,26.924479999986943
2,stencil,strict,7,27.988535000011325
2,stencil,strict,8,23.251809999987017
2,stencil,strict,9,17.20431900001131
2,stencil,strict,10,14.979882999963593
2,stencil,strict,11,14.9630350000225
2,stencil,strict,12,15.141240999975707
2,stencil,strict,13,14.971650000021327
2,stencil,strict,14,15.129146000021137
2,stencil,strict,15,14.913658000004943
2,stencil,strict,16,15.140494999999646
2,stencil,strict,17,16.860472000029404
2,stencil,strict,18,15.135818000009749
2,stencil,strict,19,15.626450999989174
2,stencil,strict,20,15.618725000007544
2,stencil,strict,21,16.87987400003476
2,stencil,strict,22,17.566878999990877
2,stencil,strict,23,15.08908300002804
2,stencil,strict,24,20.381178999959957
2,stencil,strict,25,19.285178999998607
2,stencil,strict,26,16.14729900000384
2,stencil,strict,27,15.118478999997023
2,stencil,strict,28,15.21959400002379
2,stencil,strict,29,15.107054999971297
2,stencil,balanced,0,10.363506999972742
2,stencil,balanced,1,10.45135200000368
2,stencil,balanced,2,10.903753000020515
2,stencil,balanced,3,11.67179600003874
2,stencil,balanced,4,14.24935200001346
2,stencil,balanced,5,14.582156999967992
2,stencil,balanced,6,10.338916000036988
2,stencil,balanced,7,10.816735999949742
2,stencil,balanced,8,10.984385999967344
2,stencil,balanced,9,11.875768999976572
2,stencil,balanced,10,15.912684999988414
2,stencil,balanced,11,12.099564999982249
2,stencil,balanced,12,12.102488000004087
2,stencil,balanced,13,13.814214000012726
2,stencil,balanced,14,14.022231000009924
2,stencil,balanced,15,11.311854999978095
2,stencil,balanced,16,10.506614000012632
2,stencil,balanced,17,10.911664000013843
2,stencil,balanced,18,11.836343000002671
2,stencil,balanced,19,10.6690659999731
2,stencil,balanced,20,11.062634999980219
2,stencil,balanced,21,11.492324999999255
2,stencil,balanced,22,11.44569700001739
2,stencil,balanced,23,10.594681999995373
2,stencil,balanced,24,11.005555999989156
2,stencil,balanced,25,15.025047999981325
2,stencil,balanced,26,14.511249000031967
2,stencil,balanced,27,14.538403999991715
2,stencil,balanced,28,10.58064599998761
2,stencil,balanced,29,10.516382000001613
2,stencil,performance,0,10.145053000014741
2,stencil,performance,1,10.24232600000687
2,stencil,performance,2,10.435051000036765
2,stencil,performance,3,10.222827999969013
2,stencil,performance,4,10.13284500001464
2,stencil,performance,5,11.471655999950599
2,stencil,performance,6,11.643694000027608
2,stencil,performance,7,10.92058699997142
2,stencil,performance,8,11.098643000004813
2,stencil,performance,9,10.781243000004906
2,stencil,performance,10,10.589286999951582
2,stencil,performance,11,10.62997099995846
2,stencil,performance,12,10.308103999996092
2,stencil,performance,13,10.341274000005797
2,stencil,performance,14,10.66103999997722
2,stencil,performance,15,10.589532000012696
2,stencil,performance,16,10.60660200001439
2,stencil,performance,17,10.648268999997526
2,stencil,performance,18,10.340648000012152
2,stencil,performance,19,10.326056999969296
2,stencil,performance,20,10.3549869999988
2,stencil,performance,21,10.176303000014741
2,stencil,performance,22,10.584104000008665
2,stencil,performance,23,10.173682999971788
2,stencil,performance,24,10.426083000027575
2,stencil,performance,25,10.198267000028864
2,stencil,performance,26,10.565951999975368
2,stencil,performance,27,10.803590999974404
2,stencil,performance,28,10.70035400002962
2,stencil,performance,29,11.948646000004373
2,stencil,budget:0.25,0,10.629514000029303
2,stencil,budget:0.25,1,10.579258000012487
2,stencil,budget:0.25,2,10.725805000052787
2,stencil,budget:0.25,3,11.244202000030782
2,stencil,budget:0.25,4,10.927797999989707
2,stencil,budget:0.25,5,12.847492999979295
2,stencil,budget:0.25,6,12.771861000044737
2,stencil,budget:0.25,7,11.249163999978919
2,stencil,budget:0.25,8,11.40555399999721
2,stencil,budget:0.25,9,10.862940999970306
2,stencil,budget:0.25,10,10.790106999978889
2,stencil,budget:0.25,11,12.170589000044856
2,stencil,budget:0.25,12,11.262074000027496
2,stencil,budget:0.25,13,15.467527999950107
2,stencil,budget:0.25,14,16.78050400002394
2,stencil,budget:0.25,15,16.814612000016496
2,stencil,budget:0.25,16,16.473449999990407
2,stencil,budget:0.25,17,18.252129000029527
2,stencil,budget:0.25,18,19.597721000027377
2,stencil,budget:0.25,19,16.950216999975964
2,stencil,budget:0.25,20,17.46146800002316
2,stencil,budget:0.25,21,18.360905000008643
2,stencil,budget:0.25,22,17.582167999993544
2,stencil,budget:0.25,23,18.08542000001762
2,stencil,budget:0.25,24,16.516479999991134
2,stencil,budget:0.25,25,18.273944000015035
2,stencil,budget:0.25,26,17.531024000025354
2,stencil,budget:0.25,27,16.410407999996096
2,stencil,budget:0.25,28,16.4091630000039
2,stencil,budget:0.25,29,16.350402000010945
2,stencil,budget:0.5,0,16.484502999985125
2,stencil,budget:0.5,1,15.382764999987558
2,stencil,budget:0.5,2,16.086051999998745
2,stencil,budget:0.5,3,18.06843200000003
2,stencil,budget:0.5,4,16.1814219999942
2,stencil,budget:0.5,5,15.637335999985225
2,stencil,budget:0.5,6,16.733454999979585
2,stencil,budget:0.5,7,18.295638000010513
2,stencil,budget:0.5,8,14.844201999949291
2,stencil,budget:0.5,9,18.281801000004634
2,stencil,budget:0.5,10,18.325443000008818
2,stencil,budget:0.5,11,18.43004499998642
2,stencil,budget:0.5,12,18.414037999988068
2,stencil,budget:0.5,13,18.4916760000051
2,stencil,budget:0.5,14,18.193763999966905
2,stencil,budget:0.5,15,18.149900000018533
2,stencil,budget:0.5,16,18.044888000003994
2,stencil,budget:0.5,17,18.092906999983825
2,stencil,budget:0.5,18,17.948450000025332
2,stencil,budget:0.5,19,18.111942999996245
2,stencil,budget:0.5,20,17.394116000039503
2,stencil,budget:0.5,21,18.74301999999443
2,stencil,budget:0.5,22,16.938444999977946
2,stencil,budget:0.5,23,17.336809999949764
2,stencil,budget:0.5,24,18.821784999978263
2,stencil,budget:0.5,25,20.094507000001613
2,stencil,budget:0.5,26,18.34687499998836
2,stencil,budget:0.5,27,17.80143799999496
2,stencil,budget:0.5,28,17.11188299994683
2,stencil,budget:0.5,29,19.63257399998838
2,stencil,chuang,0,13.047881000034977
2,stencil,chuang,1,11.12887099996442
2,stencil,chuang,2,12.024564999970607
2,stencil,chuang,3,10.981854999961797
2,stencil,chuang,4,10.537206000008155
2,stencil,chuang,5,13.206566000008024
2,stencil,chuang,6,11.83343599998625
2,stencil,chuang,7,12.001904000004288
2,stencil,chuang,8,12.175993999990169
2,stencil,chuang,9,10.891543000005186
2,stencil,chuang,10,11.231127000006381
2,stencil,chuang,11,10.49546999996528
2,stencil,chuang,12,10.52000300004147
2,stencil,chuang,13,11.189937999995891
2,stencil,chuang,14,11.372785999963526
2,stencil,chuang,15,15.984814999974333
2,stencil,chuang,16,10.716279999993276
2,stencil,chuang,17,12.925311999977566
2,stencil,chuang,18,12.989644999965094
2,stencil,chuang,19,12.686262000002898
2,stencil,chuang,20,12.37292500003241
2,stencil,chuang,21,10.980845000012778
2,stencil,chuang,22,14.455829999991693
2,stencil,chuang,23,14.091302999993786
2,stencil,chuang,24,13.494120000046678
2,stencil,chuang,25,12.666770999960136
2,stencil,chuang,26,12.668551000009757
2,stencil,chuang,27,12.552644000039436
2,stencil,chuang,28,11.122191000031307
2,stencil,chuang,29,10.901302999991458
2,stencilV,none,0,15.687020000012126
2,stencilV,none,1,15.688701000006404
2,stencilV,none,2,15.509733000013512
2,stencilV,none,3,15.593492999963928
2,stencilV,none,4,15.649024999991525
2,stencilV,none,5,15.667031999968458
2,stencilV,none,6,15.582548000034876
2,stencilV,none,7,15.625960000033956
2,stencilV,none,8,15.643795000039972
2,stencilV,none,9,15.687062000040896
2,stencilV,none,10,15.671190000022762
2,stencilV,none,11,15.748414999980014
2,stencilV,none,12,15.4988809999777
2,stencilV,none,13,15.577614000008907
2,stencilV,none,14,15.54790000000503
2,stencilV,none,15,11.844992999976967
2,stencilV,none,16,10.741072000004351
2,stencilV,none,17,10.912715999991633
2,stencilV,none,18,11.72398399998201
2,stencilV,none,19,10.901191999961156
2,stencilV,none,20,10.540228000027128
2,stencilV,none,21,10.536530999990646
2,stencilV,none,22,10.528687999991234
2,stencilV,none,23,10.396268000011332
2,stencilV,none,24,10.38412000000244
2,stencilV,none,25,10.46356800000649
2,stencilV,none,26,10.492665000027046
2,stencilV,none,27,10.789003000012599
2,stencilV,none,28,10.819963000016287
2,stencilV,none,29,10.839898000005633
2,stencilV,full,0,15.24044900003355
2,stencilV,full,1,15.160901999974158
2,stencilV,full,2,15.198731000011321
2,stencilV,full,3,15.33600499999011
2,stencilV,full,4,15.427983000001404
2,stencilV,full,5,15.236764000030234
2,stencilV,full,6,15.146609999996144
2,stencilV,full,7,15.255544000014197
2,stencilV,full,8,15.193693000008352
2,stencilV,full,9,15.140555999998469
2,stencilV,full,10,15.240774000005331
2,stencilV,full,11,15.371326999971643
2,stencilV,full,12,15.191931000037584
2,stencilV,full,13,15.278697000001557
2,stencilV,full,14,15.159753000014462
2,stencilV,full,15,15.038128999993205
2,stencilV,full,16,15.184025999973528
2,stencilV,full,17,15.296212999965064
2,stencilV,full,18,15.090028000005987
2,stencilV,full,19,15.148234000022057
2,stencilV,full,20,15.026329999964219
2,stencilV,full,21,15.17619199998444
2,stencilV,full,22,14.98646899999585
2,stencilV,full,23,15.133017999993172
2,stencilV,full,24,15.267295000026934
2,stencilV,full,25,15.243215999973472
2,stencilV,full,26,15.570845999987796
2,stencilV,full,27,15.032589000009466
2,stencilV,full,28,15.15551900002174
2,stencilV,full,29,14.955355999991298
2,stencilV,proof,0,14.987110999994911
2,stencilV,proof,1,14.918933999957517
2,stencilV,proof,2,15.11644300003536
2,stencilV,proof,3,15.005959999980405
2,stencilV,proof,4,15.020928999991156
2,stencilV,proof,5,15.261419999995269
2,stencilV,proof,6,15.145636999979615
2,stencilV,proof,7,14.940287999983411
2,stencilV,proof,8,15.098898000025656
2,stencilV,proof,9,15.044044000038411
2,stencilV,proof,10,15.02842700004112
2,stencilV,proof,11,15.12126599997282
2,stencilV,proof,12,14.998623999999836
2,stencilV,proof,13,15.102631999994628
2,stencilV,proof,14,14.903066000028048
2,stencilV,proof,15,14.991385000001173
2,stencilV,proof,16,15.074964999977965
2,stencilV,proof,17,15.010880999965593
2,stencilV,proof,18,16.052269999985583
2,stencilV,proof,19,14.833334999973886
2,stencilV,proof,20,15.760974000033457
2,stencilV,proof,21,15.253561000048649
2,stencilV,proof,22,14.887921000015922
2,stencilV,proof,23,15.157668000028934
2,stencilV,proof,24,15.0587199999718
2,stencilV,proof,25,14.970307999989018
2,stencilV,proof,26,15.839204000018071
2,stencilV,proof,27,15.409601000021212
2,stencilV,proof,28,15.352783000038471
2,stencilV,proof,29,15.544921999971848
2,stencilV,strict,0,14.628916000016034
2,stencilV,strict,1,14.85141099995235
2,stencilV,strict,2,14.995136999990791
2,stencilV,strict,3,14.668348999985028
2,stencilV,strict,4,14.76590999995824
2,stencilV,strict,5,15.038377999968361
2,stencilV,strict,6,14.809300000022631
2,stencilV,strict,7,14.8894020000007
2,stencilV,strict,8,14.728460999962408
2,stencilV,strict,9,14.961346999974921
2,stencilV,strict,10,14.821938000037335
2,stencilV,strict,11,14.84955699997954
2,stencilV,strict,12,14.871616999967955
2,stencilV,strict,13,14.762268999998923
2,stencilV,strict,14,14.832419999991544
2,stencilV,strict,15,14.89494599995669
2,stencilV,strict,16,14.665850999997929
2,stencilV,strict,17,14.86258800001815
2,stencilV,strict,18,14.677255999995396
2,stencilV,strict,19,14.774260999984108
2,stencilV,strict,20,14.822500000009313
2,stencilV,strict,21,14.776627000013832
2,stencilV,strict,22,14.73446900001727
2,stencilV,strict,23,14.802693000005092
2,stencilV,strict,24,14.678497999964748
2,stencilV,strict,25,14.687229999981355
2,stencilV,strict,26,14.75846600002842
2,stencilV,strict,27,14.73963999998523
2,stencilV,strict,28,14.726387000002433
2,stencilV,strict,29,14.897526999993715
2,stencilV,balanced,0,10.327682000002824
2,stencilV,balanced,1,10.488300999975763
2,stencilV,balanced,2,10.616327000025194
2,stencilV,balanced,3,10.25805499998387
2,stencilV,balanced,4,10.244186000025366
2,stencilV,balanced,5,10.323353999992833
2,stencilV,balanced,6,10.246702999982517
2,stencilV,balanced,7,10.250242999987677
2,stencilV,balanced,8,10.339978999982122
2,stencilV,balanced,9,10.228175000054762
2,stencilV,balanced,10,10.332185000006575
2,stencilV,balanced,11,10.351504000020213
2,stencilV,balanced,12,10.280502999958117
2,stencilV,balanced,13,10.220964999985881
2,stencilV,balanced,14,10.296542999974918
2,stencilV,balanced,15,10.238690000027418
2,stencilV,balanced,16,10.20668800000567
2,stencilV,balanced,17,10.216017999977339
2,stencilV,balanced,18,10.180575999955181
2,stencilV,balanced,19,10.119183999951929
2,stencilV,balanced,20,10.100863999978174
2,stencilV,balanced,21,9.952197999984492
2,stencilV,balanced,22,9.995896000007633
2,stencilV,balanced,23,10.164592999964952
2,stencilV,balanced,24,10.089835999999195
2,stencilV,balanced,25,10.180652000010014
2,stencilV,balanced,26,10.094486000016332
2,stencilV,balanced,27,10.151636000024155
2,stencilV,balanced,28,10.087924999999814
2,stencilV,balanced,29,10.096834999974817
2,stencilV,performance,0,10.643674999999348
2,stencilV,performance,1,10.604165999975521
2,stencilV,performance,2,10.786549999960698
2,stencilV,performance,3,10.841468000027817
2,stencilV,performance,4,10.740759000007529
2,stencilV,performance,5,10.530033999995794
2,stencilV,performance,6,10.659301000006963
2,stencilV,performance,7,10.368674000026658
2,stencilV,performance,8,10.324538000044413
2,stencilV,performance,9,10.68996500002686
2,stencilV,performance,10,11.23842600005446
2,stencilV,performance,11,10.32131200004369
2,stencilV,performance,12,10.468027999973856
2,stencilV,performance,13,10.408295000030193
2,stencilV,performance,14,10.410879000031855
2,stencilV,performance,15,10.36717199999839
2,stencilV,performance,16,10.500953999988269
2,stencilV,performance,17,10.236933999985922
2,stencilV,performance,18,10.440337000007275
2,stencilV,performance,19,10.242150000005495
2,stencilV,performance,20,10.264122000022326
2,stencilV,performance,21,10.346850999980234
2,stencilV,performance,22,10.346795000019483
2,stencilV,performance,23,10.341374000010546
2,stencilV,performance,24,10.139143000007607
2,stencilV,performance,25,10.432678999961354
2,stencilV,performance,26,10.35224899998866
2,stencilV,performance,27,10.17548600002192
2,stencilV,performance,28,10.204435999970883
2,stencilV,performance,29,10.387198999989778
2,stencilV,budget:0.25,0,23.5394109999761
2,stencilV,budget:0.25,1,22.026519000006374
2,stencilV,budget:0.25,2,20.48190000001341
2,stencilV,budget:0.25,3,21.040088999958243
2,stencilV,budget:0.25,4,15.764533000008669
2,stencilV,budget:0.25,5,23.568451999977697
2,stencilV,budget:0.25,6,10.816949000000022
2,stencilV,budget:0.25,7,11.490375000052154
2,stencilV,budget:0.25,8,12.073017000046093
2,stencilV,budget:0.25,9,11.663278000021819
2,stencilV,budget:0.25,10,13.296085999987554
2,stencilV,budget:0.25,11,11.43595200002892
2,stencilV,budget:0.25,12,13.071250000037253
2,stencilV,budget:0.25,13,13.601961000007577
2,stencilV,budget:0.25,14,10.847102000028826
2,stencilV,budget:0.25,15,10.333886000036728
2,stencilV,budget:0.25,16,10.697839999978896
2,stencilV,budget:0.25,17,10.34188299998641
2,stencilV,budget:0.25,18,12.086459000012837
2,stencilV,budget:0.25,19,11.788465999998152
2,stencilV,budget:0.25,20,10.806992000027094
2,stencilV,budget:0.25,21,13.988223999971524
2,stencilV,budget:0.25,22,11.058396000007633
2,stencilV,budget:0.25,23,12.26066799997352
2,stencilV,budget:0.25,24,10.535294000001159
2,stencilV,budget:0.25,25,10.772448000032455
2,stencilV,budget:0.25,26,10.484969999990426
2,stencilV,budget:0.25,27,10.534397000039462
2,stencilV,budget:0.25,28,10.420936000009533
2,stencilV,budget:0.25,29,11.786739000002854
2,stencilV,budget:0.5,0,15.239618000050541
2,stencilV,budget:0.5,1,15.12507899996126
2,stencilV,budget:0.5,2,15.110769999970216
2,stencilV,budget:0.5,3,15.107056000037119
2,stencilV,budget:0.5,4,15.168949000013527
2,stencilV,budget:0.5,5,16.75286700000288
2,stencilV,budget:0.5,6,15.149401000002399
2,stencilV,budget:0.5,7,15.256166000035591
2,stencilV,budget:0.5,8,15.065424000029452
2,stencilV,budget:0.5,9,15.732436000020243
2,stencilV,budget:0.5,10,15.222440999990795
2,stencilV,budget:0.5,11,15.18115699995542
2,stencilV,budget:0.5,12,16.349692999967374
2,stencilV,budget:0.5,13,15.7783889999846
2,stencilV,budget:0.5,14,16.8218390000402
2,stencilV,budget:0.5,15,17.64631099998951
2,stencilV,budget:0.5,16,17.537873000022955
2,stencilV,budget:0.5,17,17.8383759999997
2,stencilV,budget:0.5,18,17.64760899997782
2,stencilV,budget:0.5,19,17.57714099995792
2,stencilV,budget:0.5,20,17.80691799998749
2,stencilV,budget:0.5,21,17.59735700004967
2,stencilV,budget:0.5,22,18.231738000002224
2,stencilV,budget:0.5,23,15.192311000020709
2,stencilV,budget:0.5,24,15.254435000009835
2,stencilV,budget:0.5,25,15.082305999996606
2,stencilV,budget:0.5,26,15.08161499997368
2,stencilV,budget:0.5,27,15.60406400001375
2,stencilV,budget:0.5,28,15.176395000016782
2,stencilV,budget:0.5,29,15.13332999998238
2,stencilV,chuang,0,10.756725000042934
2,stencilV,chuang,1,10.664303000026848
2,stencilV,chuang,2,10.59929700003704
2,stencilV,chuang,3,10.586828999978025
2,stencilV,chuang,4,10.841018999984954
2,stencilV,chuang,5,12.149926999991294
2,stencilV,chuang,6,12.186656999983825
2,stencilV,chuang,7,14.387303000024986
2,stencilV,chuang,8,12.454942000040319
2,stencilV,chuang,9,13.5448290000204
2,stencilV,chuang,10,11.281916999956593
2,stencilV,chuang,11,10.920626999984961
2,stencilV,chuang,12,11.752031000040006
2,stencilV,chuang,13,12.354820999957155
2,stencilV,chuang,14,14.03097100002924
2,stencilV,chuang,15,12.211584999982733
2,stencilV,chuang,16,11.397043000033591
2,stencilV,chuang,17,11.664121999987401
2,stencilV,chuang,18,14.835735999979079
2,stencilV,chuang,19,12.227565999957733
2,stencilV,chuang,20,11.894450000021607
2,stencilV,chuang,21,18.388344999984838
2,stencilV,chuang,22,14.80527599999914
2,stencilV,chuang,23,13.635466000007
2,stencilV,chuang,24,12.899585000006482
2,stencilV,chuang,25,10.9435780000058
2,stencilV,chuang,26,10.399190999974962
2,stencilV,chuang,27,11.447806000011042
2,stencilV,chuang,28,10.22996999998577
2,stencilV,chuang,29,10.44014000002062
2,smooth,none,0,25.707324000017252
2,smooth,none,1,27.70301300002029
2,smooth,none,2,27.554553999972995
2,smooth,none,3,21.22138800000539
2,smooth,none,4,27.204733999969903
2,smooth,none,5,26.95252099999925
2,smooth,none,6,27.217123999958858
2,smooth,none,7,27.041599999996834
2,smooth,none,8,26.86735899996711
2,smooth,none,9,27.003948999976274
2,smooth,none,10,27.116801999974996
2,smooth,none,11,26.967393999977503
2,smooth,none,12,26.806011000007857
2,smooth,none,13,27.044683999964036
2,smooth,none,14,27.015220000001136
2,smooth,none,15,27.250360999954864
2,smooth,none,16,27.38245299999835
2,smooth,none,17,27.91377799998736
2,smooth,none,18,26.801001999992877
2,smooth,none,19,27.028745999967214
2,smooth,none,20,26.9702769999858
2,smooth,none,21,27.11918899999
2,smooth,none,22,21.899078999995254
2,smooth,none,23,20.51191200001631
2,smooth,none,24,23.681034000008367
2,smooth,none,25,26.4772370000137
2,smooth,none,26,24.59949700004654
2,smooth,none,27,20.785390999983065
2,smooth,none,28,20.242182000016328
2,smooth,none,29,20.401109999977052
2,smooth,full,0,22.38764299999457
2,smooth,full,1,23.08448600000702
2,smooth,full,2,22.743954000005033
2,smooth,full,3,24.572159999981523
2,smooth,full,4,24.288968999986537
2,smooth,full,5,25.2974459999823
2,smooth,full,6,27.545899000018835
2,smooth,full,7,28.66662399994675
2,smooth,full,8,28.035799000004772
2,smooth,full,9,23.504070000024512
2,smooth,full,10,22.85420099995099
2,smooth,full,11,23.31356399995275
2,smooth,full,12,23.348358000046574
2,smooth,full,13,23.146022000000812
2,smooth,full,14,23.10882300004596
2,smooth,full,15,23.359319999988656
2,smooth,full,16,22.655818000028376
2,smooth,full,17,22.622251000022516
2,smooth,full,18,23.88651000004029
2,smooth,full,19,22.99626799998805
2,smooth,full,20,23.74304299999494
2,smooth,full,21,28.284867999958806
2,smooth,full,22,24.95710900000995
2,smooth,full,23,25.3797439999762
2,smooth,full,24,23.390634000010323
2,smooth,full,25,23.497931999969296
2,smooth,full,26,23.321128999989014
2,smooth,full,27,22.751093999948353
2,smooth,full,28,23.31935700000031
2,smooth,full,29,24.41785800002981
2,smooth,proof,0,23.90852699999232
2,smooth,proof,1,23.848010000016075
2,smooth,proof,2,23.81628199998522
2,smooth,proof,3,22.89922399999341
2,smooth,proof,4,23.169870999990962
2,smooth,proof,5,23.800014000036754
2,smooth,proof,6,22.784308000002056
2,smooth,proof,7,23.44455099996412
2,smooth,proof,8,23.262201000005007
2,smooth,proof,9,22.94786800001748
2,smooth,proof,10,23.524327000021003
2,smooth,proof,11,23.92169600003399
2,smooth,proof,12,22.715581999975257
2,smooth,proof,13,23.036031000025105
2,smooth,proof,14,22.859448999981396
2,smooth,proof,15,23.054881000018213
2,smooth,proof,16,22.975099999981467
2,smooth,proof,17,22.98392500000773
2,smooth,proof,18,22.878882999997586
2,smooth,proof,19,23.11966600001324
2,smooth,proof,20,24.549256999976933
2,smooth,proof,21,27.366903999994975
2,smooth,proof,22,25.00959299999522
2,smooth,proof,23,24.183918000024278
2,smooth,proof,24,22.77913500001887
2,smooth,proof,25,25.4652660000138
2,smooth,proof,26,22.652922000037506
2,smooth,proof,27,25.600265000015497
2,smooth,proof,28,22.91242800001055
2,smooth,proof,29,23.543624000041746
2,smooth,strict,0,44.40094300004421
2,smooth,strict,1,34.43007599998964
2,smooth,strict,2,27.67570500000147
2,smooth,strict,3,25.29316200001631
2,smooth,strict,4,35.47079400002258
2,smooth,strict,5,26.8046949999989
2,smooth,strict,6,28.70519199996488
2,smooth,strict,7,26.168330000014976
2,smooth,strict,8,24.668727999960538
2,smooth,strict,9,24.633985999971628
2,smooth,strict,10,24.843399000004865
2,smooth,strict,11,23.335261999978684
2,smooth,strict,12,22.79453899996588
2,smooth,strict,13,22.625752999971155
2,smooth,strict,14,22.640741000010166
2,smooth,strict,15,22.74007200001506
2,smooth,strict,16,22.868321000016294
2,smooth,strict,17,23.188354999991134
2,smooth,strict,18,22.51568499999121
2,smooth,strict,19,22.704582999984268
2,smooth,strict,20,23.295044999977108
2,smooth,strict,21,22.618948000017554
2,smooth,strict,22,22.846995000028983
2,smooth,strict,23,22.449094000039622
2,smooth,strict,24,22.57542300003115
2,smooth,strict,25,22.982697000028566
2,smooth,strict,26,23.21743499999866
2,smooth,strict,27,22.880165999988094
2,smooth,strict,28,22.790395999967586
2,smooth,strict,29,22.78167900000699
2,smooth,balanced,0,22.721982999995816
2,smooth,balanced,1,22.740864999999758
2,smooth,balanced,2,23.199609000002965
2,smooth,balanced,3,27.68725200003246
2,smooth,balanced,4,24.558713000034913
2,smooth,balanced,5,24.488973999978043
2,smooth,balanced,6,31.955752999987453
2,smooth,balanced,7,39.0586309999926
2,smooth,balanced,8,28.493965000030585
2,smooth,balanced,9,22.570407000021078
2,smooth,balanced,10,22.675817999988794
2,smooth,balanced,11,23.089177999994718
2,smooth,balanced,12,32.02672399999574
2,smooth,balanced,13,31.78605199995218
2,smooth,balanced,14,30.51935499999672
2,smooth,balanced,15,22.668876000039745
2,smooth,balanced,16,22.590746000001673
2,smooth,balanced,17,22.8432979999925
2,smooth,balanced,18,22.462410999985877
2,smooth,balanced,19,29.204068000020925
2,smooth,balanced,20,31.651357999944594
2,smooth,balanced,21,32.3915149999666
2,smooth,balanced,22,25.34545199997956
2,smooth,balanced,23,22.424047000007704
2,smooth,balanced,24,22.961432999989484
2,smooth,balanced,25,24.734960999980103
2,smooth,balanced,26,24.991024999995716
2,smooth,balanced,27,26.701339999970514
2,smooth,balanced,28,28.267479000031017
2,smooth,balanced,29,30.35107999999309
2,smooth,performance,0,27.880339000024833
2,smooth,performance,1,27.676323000050616
2,smooth,performance,2,27.787593999993987
2,smooth,performance,3,28.017982999968808
2,smooth,performance,4,27.334588000026997
2,smooth,performance,5,27.812323999998625
2,smooth,performance,6,27.672162000031676
2,smooth,performance,7,27.528651000000536
2,smooth,performance,8,27.771493999985978
2,smooth,performance,9,27.602552000025753
2,smooth,performance,10,24.081478999985848
2,smooth,performance,11,20.784671999979764
2,smooth,performance,12,20.801519000029657
2,smooth,performance,13,20.801023000036366
2,smooth,performance,14,20.94794099999126
2,smooth,performance,15,21.208417000016198
2,smooth,performance,16,20.728367000003345
2,smooth,performance,17,20.592134000035003
2,smooth,performance,18,20.933029000007082
2,smooth,performance,19,20.820280999992974
2,smooth,performance,20,20.982460000028368
2,smooth,performance,21,20.966367000015453
2,smooth,performance,22,21.16205499996431
2,smooth,performance,23,20.96092599997064
2,smooth,performance,24,21.21090899995761
2,smooth,performance,25,20.71354899997823
2,smooth,performance,26,22.991197999974247
2,smooth,performance,27,23.32530399999814
2,smooth,performance,28,22.024823000014294
2,smooth,performance,29,20.945734000008088
2,smooth,budget:0.25,0,21.19218000001274
2,smooth,budget:0.25,1,20.82722899998771
2,smooth,budget:0.25,2,21.094994999992196
2,smooth,budget:0.25,3,20.95000599999912
2,smooth,budget:0.25,4,20.998770000005607
2,smooth,budget:0.25,5,21.074681999976747
2,smooth,budget:0.25,6,24.51017399999546
2,smooth,budget:0.25,7,21.42464400001336
2,smooth,budget:0.25,8,20.895128999953158
2,smooth,budget:0.25,9,21.27709300001152
2,smooth,budget:0.25,10,21.094722000008915
2,smooth,budget:0.25,11,24.62341599998763
2,smooth,budget:0.25,12,20.7755720000132
2,smooth,budget:0.25,13,20.889864000026137
2,smooth,budget:0.25,14,20.94705699995393
2,smooth,budget:0.25,15,21.196380999987014
2,smooth,budget:0.25,16,20.977450000005774
2,smooth,budget:0.25,17,20.78593999997247
2,smooth,budget:0.25,18,20.991477000003215
2,smooth,budget:0.25,19,20.93195499997819
2,smooth,budget:0.25,20,21.061503000033554
2,smooth,budget:0.25,21,21.018570000014734
2,smooth,budget:0.25,22,23.707606000010855
2,smooth,budget:0.25,23,21.15363699995214
2,smooth,budget:0.25,24,24.615371000021696
2,smooth,budget:0.25,25,22.44451099995058
2,smooth,budget:0.25,26,21.33198799996171
2,smooth,budget:0.25,27,21.30118000000948
2,smooth,budget:0.25,28,26.043829999980517
2,smooth,budget:0.25,29,23.2934060000116
2,smooth,budget:0.5,0,21.77556600002572
2,smooth,budget:0.5,1,22.33865400002105
2,smooth,budget:0.5,2,21.481239000044297
2,smooth,budget:0.5,3,21.11335900000995
2,smooth,budget:0.5,4,21.397151999990456
2,smooth,budget:0.5,5,21.2920199999935
2,smooth,budget:0.5,6,20.91514900000766
2,smooth,budget:0.5,7,23.087584000022616
2,smooth,budget:0.5,8,21.22510899999179
2,smooth,budget:0.5,9,21.995271000021603
2,smooth,budget:0.5,10,22.042665000015404
2,smooth,budget:0.5,11,21.224741999991238
2,smooth,budget:0.5,12,21.40261599997757
2,smooth,budget:0.5,13,21.23350599996047
2,smooth,budget:0.5,14,24.112200000032317
2,smooth,budget:0.5,15,23.79718100000173
2,smooth,budget:0.5,16,24.79487300000619
2,smooth,budget:0.5,17,22.64508200000273
2,smooth,budget:0.5,18,22.94625300000189
2,smooth,budget:0.5,19,26.250497999950312
2,smooth,budget:0.5,20,22.640465000004042
2,smooth,budget:0.5,21,21.553866999980528
2,smooth,budget:0.5,22,23.04281999997329
2,smooth,budget:0.5,23,20.9216749999905
2,smooth,budget:0.5,24,21.65119300002698
2,smooth,budget:0.5,25,21.16925000003539
2,smooth,budget:0.5,26,21.358387999993283
2,smooth,budget:0.5,27,21.95351700001629
2,smooth,budget:0.5,28,22.255617999995593
2,smooth,budget:0.5,29,21.890298999962397
2,smooth,chuang,0,21.489423000020906
2,smooth,chuang,1,22.0496769999736
2,smooth,chuang,2,23.719187999959104
2,smooth,chuang,3,26.572895999997854
2,smooth,chuang,4,29.204537999990862
2,smooth,chuang,5,29.724292999948375
2,smooth,chuang,6,28.79123900004197
2,smooth,chuang,7,29.88759499997832
2,smooth,chuang,8,28.837446000019554
2,smooth,chuang,9,28.66866799996933
2,smooth,chuang,10,29.942779000033624
2,smooth,chuang,11,25.307683999999426
2,smooth,chuang,12,27.94165900000371
2,smooth,chuang,13,27.67766499996651
2,smooth,chuang,14,28.037217000033706
2,smooth,chuang,15,27.461269000021275
2,smooth,chuang,16,27.856308999995235
2,smooth,chuang,17,28.05956999998307
2,smooth,chuang,18,25.25994499999797
2,smooth,chuang,19,21.171869999961928
2,smooth,chuang,20,21.704010999994352
2,smooth,chuang,21,21.133123000035994
2,smooth,chuang,22,21.519461999996565
2,smooth,chuang,23,21.92462100001285
2,smooth,chuang,24,24.680285000009462
2,smooth,chuang,25,25.959502999961842
2,smooth,chuang,26,22.051356999960262
2,smooth,chuang,27,25.774108999990858
2,smooth,chuang,28,22.069640999950934
2,smooth,chuang,29,21.26436900004046
2,smoothV,none,0,21.32129900000291
2,smoothV,none,1,21.006335000041872
2,smoothV,none,2,21.768888999999035
2,smoothV,none,3,21.104990000021644
2,smoothV,none,4,21.01275799999712
2,smoothV,none,5,21.040682999999262
2,smoothV,none,6,21.189650999964215
2,smoothV,none,7,21.761104999983218
2,smoothV,none,8,21.332167999993544
2,smoothV,none,9,22.00004399998579
2,smoothV,none,10,21.565299000008963
2,smoothV,none,11,21.45289999997476
2,smoothV,none,12,20.894480999966618
2,smoothV,none,13,21.49386000004597
2,smoothV,none,14,20.651046000013594
2,smoothV,none,15,21.051299999991897
2,smoothV,none,16,20.574783999996725
2,smoothV,none,17,20.66347800003132
2,smoothV,none,18,20.76036400004523
2,smoothV,none,19,20.703696999989916
2,smoothV,none,20,20.472431000031065
2,smoothV,none,21,20.85171600000467
2,smoothV,none,22,20.863450000004377
2,smoothV,none,23,20.74411000002874
2,smoothV,none,24,20.85143199999584
2,smoothV,none,25,20.82575800002087
2,smoothV,none,26,20.795263000007253
2,smoothV,none,27,20.968064000015147
2,smoothV,none,28,21.542454999987967
2,smoothV,none,29,20.719064999953844
2,smoothV,full,0,33.54265299998224
2,smoothV,full,1,35.55613099999027
2,smoothV,full,2,41.123675999988336
2,smoothV,full,3,23.169280000030994
2,smoothV,full,4,23.08694899996044
2,smoothV,full,5,23.327381000039168
2,smoothV,full,6,24.750729999970645
2,smoothV,full,7,29.161391000030562
2,smoothV,full,8,23.4265669999877
2,smoothV,full,9,23.516931000049226
2,smoothV,full,10,23.596928999992087
2,smoothV,full,11,23.853174999996554
2,smoothV,full,12,28.93277199997101
2,smoothV,full,13,25.416565000021365
2,smoothV,full,14,23.368605999974534
2,smoothV,full,15,24.211459999962244
2,smoothV,full,16,23.462529000011273
2,smoothV,full,17,26.472099000005983
2,smoothV,full,18,25.797100999974646
2,smoothV,full,19,26.928332999988925
2,smoothV,full,20,23.102805999980774
2,smoothV,full,21,23.098594999988563
2,smoothV,full,22,23.305567000003066
2,smoothV,full,23,24.331423000025097
2,smoothV,full,24,23.46892499999376
2,smoothV,full,25,26.483811000012793
2,smoothV,full,26,24.252462000004016
2,smoothV,full,27,23.661510000005364
2,smoothV,full,28,23.459484000049997
2,smoothV,full,29,23.481777999957558
2,smoothV,proof,0,27.30871199996909
2,smoothV,proof,1,24.047651000029873
2,smoothV,proof,2,24.56871299998602
2,smoothV,proof,3,24.696760999970138
2,smoothV,proof,4,23.853544000012334
2,smoothV,proof,5,24.250398999953177
2,smoothV,proof,6,26.66351099999156
2,smoothV,proof,7,23.511697999958415
2,smoothV,proof,8,24.22667000000365
2,smoothV,proof,9,23.72043499996653
2,smoothV,proof,10,23.66144399996847
2,smoothV,proof,11,23.69314899999881
2,smoothV,proof,12,23.752426000020932
2,smoothV,proof,13,23.42200600000797
2,smoothV,proof,14,23.60977300000377
2,smoothV,proof,15,23.626535999996122
2,smoothV,proof,16,23.530724999960512
2,smoothV,proof,17,23.365886999992654
2,smoothV,proof,18,28.87348700000439
2,smoothV,proof,19,24.490774999954738
2,smoothV,proof,20,24.868868999998085
2,smoothV,proof,21,23.87272500002291
2,smoothV,proof,22,24.527035999984946
2,smoothV,proof,23,24.13339299999643
2,smoothV,proof,24,24.065345000009984
2,smoothV,proof,25,25.005750999960583
2,smoothV,proof,26,24.932643999985885
2,smoothV,proof,27,27.534839000029024
2,smoothV,proof,28,25.988962000003085
2,smoothV,proof,29,27.37016799999401
2,smoothV,strict,0,24.70639000000665
2,smoothV,strict,1,24.925648999982513
2,smoothV,strict,2,26.30586800002493
2,smoothV,strict,3,23.26244899997255
2,smoothV,strict,4,23.1553230000427
2,smoothV,strict,5,22.960664000012912
2,smoothV,strict,6,23.251285000005737
2,smoothV,strict,7,23.58654099999694
2,smoothV,strict,8,25.335424999997485
2,smoothV,strict,9,28.860333000018727
2,smoothV,strict,10,23.476536000031047
2,smoothV,strict,11,26.07922699995106
2,smoothV,strict,12,29.314845000044443
2,smoothV,strict,13,28.97155700001167
2,smoothV,strict,14,29.303985000005923
2,smoothV,strict,15,29.748063000035472
2,smoothV,strict,16,28.9648140000063
2,smoothV,strict,17,27.729274999990594
2,smoothV,strict,18,24.35092799999984
2,smoothV,strict,19,29.69994899997255
2,smoothV,strict,20,24.019506000040565
2,smoothV,strict,21,27.660595000023022
2,smoothV,strict,22,29.428409000043757
2,smoothV,strict,23,28.010012999991886
2,smoothV,strict,24,23.30678300000727
2,smoothV,strict,25,23.217015000001993
2,smoothV,strict,26,22.862314000027254
2,smoothV,strict,27,23.552611999970395
2,smoothV,strict,28,22.652788000006694
2,smoothV,strict,29,23.073196000012103
2,smoothV,balanced,0,22.933809000009205
2,smoothV,balanced,1,24.491740000026766
2,smoothV,balanced,2,23.166843999992125
2,smoothV,balanced,3,24.834294000000227
2,smoothV,balanced,4,23.835312000010163
2,smoothV,balanced,5,23.31646699999692
2,smoothV,balanced,6,23.792071000032593
2,smoothV,balanced,7,23.050477000011597
2,smoothV,balanced,8,23.3880230000359
2,smoothV,balanced,9,22.993491999979597
2,smoothV,balanced,10,24.04799799999455
2,smoothV,balanced,11,23.43555399996694
2,smoothV,balanced,12,23.285869000013918
2,smoothV,balanced,13,23.0191089999862
2,smoothV,balanced,14,23.077693999977782
2,smoothV,balanced,15,23.31924899999285
2,smoothV,balanced,16,23.346159999957308
2,smoothV,balanced,17,26.974692000017967
2,smoothV,balanced,18,37.344894999987446
2,smoothV,balanced,19,26.00316899997415
2,smoothV,balanced,20,23.23383300000569
2,smoothV,balanced,21,23.148913000011817
2,smoothV,balanced,22,23.385294000036083
2,smoothV,balanced,23,23.088148000009824
2,smoothV,balanced,24,22.833448000019416
2,smoothV,balanced,25,22.76976499997545
2,smoothV,balanced,26,22.90496399998665
2,smoothV,balanced,27,22.943338999990374
2,smoothV,balanced,28,22.911665999970865
2,smoothV,balanced,29,24.689728000026662
2,smoothV,performance,0,29.732120000000577
2,smoothV,performance,1,24.51601500000106
2,smoothV,performance,2,22.326964000007138
2,smoothV,performance,3,22.418903999961913
2,smoothV,performance,4,24.19600100000389
2,smoothV,performance,5,22.13822700001765
2,smoothV,performance,6,22.222696000011638
2,smoothV,performance,7,25.92193099996075
2,smoothV,performance,8,22.15357900003437
2,smoothV,performance,9,22.505146000010427
2,smoothV,performance,10,22.25835100002587
2,smoothV,performance,11,22.364799999981187
2,smoothV,performance,12,21.727844000037294
2,smoothV,performance,13,22.14074600004824
2,smoothV,performance,14,24.76936500001466
2,smoothV,performance,15,22.691050999972504
2,smoothV,performance,16,24.739288999990094
2,smoothV,performance,17,28.659192999999505
2,smoothV,performance,18,26.10174700000789
2,smoothV,performance,19,21.934784000040963
2,smoothV,performance,20,21.910658000037074
2,smoothV,performance,21,29.806541999976616
2,smoothV,performance,22,21.979287999973167
2,smoothV,performance,23,22.610356000019237
2,smoothV,performance,24,23.252275999984704
2,smoothV,performance,25,23.25509399996372
2,smoothV,performance,26,22.060471999982838
2,smoothV,performance,27,21.77419899997767
2,smoothV,performance,28,21.884623000049032
2,smoothV,performance,29,21.777017000014894
2,smoothV,budget:0.25,0,26.727894000010565
2,smoothV,budget:0.25,1,23.2754310000455
2,smoothV,budget:0.25,2,22.812835999997333
2,smoothV,budget:0.25,3,21.478914999985136
2,smoothV,budget:0.25,4,21.891311999992467
2,smoothV,budget:0.25,5,25.80544100003317
2,smoothV,budget:0.25,6,27.01435399998445
2,smoothV,budget:0.25,7,28.16216899995925
2,smoothV,budget:0.25,8,29.546467999985907
2,smoothV,budget:0.25,9,24.066508999967482
2,smoothV,budget:0.25,10,22.59365799999796
2,smoothV,budget:0.25,11,24.43884600000456
2,smoothV,budget:0.25,12,22.36744500003988
2,smoothV,budget:0.25,13,22.81975500000408
2,smoothV,budget:0.25,14,21.754654999997
2,smoothV,budget:0.25,15,23.874726000009105
2,smoothV,budget:0.25,16,25.007551999995485
2,smoothV,budget:0.25,17,21.56155599997146
2,smoothV,budget:0.25,18,21.29590999998618
2,smoothV,budget:0.25,19,21.54356799996458
2,smoothV,budget:0.25,20,21.362170000036713
2,smoothV,budget:0.25,21,21.339858999999706
2,smoothV,budget:0.25,22,21.39227100001881
2,smoothV,budget:0.25,23,21.287204999942333
2,smoothV,budget:0.25,24,21.516812000016216
2,smoothV,budget:0.25,25,21.647309999971185
2,smoothV,budget:0.25,26,21.568169000034686
2,smoothV,budget:0.25,27,22.28280900005484
2,smoothV,budget:0.25,28,21.520605999976397
2,smoothV,budget:0.25,29,21.526957999973092
2,smoothV,budget:0.5,0,21.529950999945868
2,smoothV,budget:0.5,1,21.761416999972425
2,smoothV,budget:0.5,2,21.942650999990292
2,smoothV,budget:0.5,3,21.44372999999905
2,smoothV,budget:0.5,4,24.55819499999052
2,smoothV,budget:0.5,5,27.56748399999924
2,smoothV,budget:0.5,6,26.910613000043668
2,smoothV,budget:0.5,7,27.432804999989457
2,smoothV,budget:0.5,8,27.243278000038117
2,smoothV,budget:0.5,9,26.929655999992974
2,smoothV,budget:0.5,10,24.216245000017807
2,smoothV,budget:0.5,11,23.566739000030793
2,smoothV,budget:0.5,12,23.26841499999864
2,smoothV,budget:0.5,13,23.312331000051927
2,smoothV,budget:0.5,14,21.851513999979943
2,smoothV,budget:0.5,15,22.605364999966696
2,smoothV,budget:0.5,16,22.128818000026513
2,smoothV,budget:0.5,17,22.170887999993283
2,smoothV,budget:0.5,18,21.946846000035293
2,smoothV,budget:0.5,19,22.070785999996588
2,smoothV,budget:0.5,20,27.415251999977045
2,smoothV,budget:0.5,21,24.53587800002424
2,smoothV,budget:0.5,22,23.08689700003015
2,smoothV,budget:0.5,23,22.534225000010338
2,smoothV,budget:0.5,24,23.26921100000618
2,smoothV,budget:0.5,25,21.72818900004495
2,smoothV,budget:0.5,26,21.563523999997415
2,smoothV,budget:0.5,27,21.30666800000472
2,smoothV,budget:0.5,28,21.714978999982122
2,smoothV,budget:0.5,29,21.428091000008862
2,smoothV,chuang,0,21.90046799997799
2,smoothV,chuang,1,22.25245100003667
2,smoothV,chuang,2,22.603338000015356
2,smoothV,chuang,3,22.631267999997362
2,smoothV,chuang,4,22.69591400003992
2,smoothV,chuang,5,21.634003999992274
2,smoothV,chuang,6,21.519461999996565
2,smoothV,chuang,7,22.432004000002053
2,smoothV,chuang,8,21.589586000016425
2,smoothV,chuang,9,21.21649299998535
2,smoothV,chuang,10,22.49366400000872
2,smoothV,chuang,11,22.23685899999691
2,smoothV,chuang,12,22.828129999979865
2,smoothV,chuang,13,22.479777999978978
2,smoothV,chuang,14,21.686702999984846
2,smoothV,chuang,15,21.430151999986265
2,smoothV,chuang,16,21.422320000012405
2,smoothV,chuang,17,26.467490000010002
2,smoothV,chuang,18,27.738570000045
2,smoothV,chuang,19,27.461218999989796
2,smoothV,chuang,20,27.189872000017203
2,smoothV,chuang,21,27.264091999968514
2,smoothV,chuang,22,27.41327800002182
2,smoothV,chuang,23,27.38508899998851
2,smoothV,chuang,24,27.402243000047747
2,smoothV,chuang,25,27.395126999996137
2,smoothV,chuang,26,27.173237000009976
2,smoothV,chuang,27,22.153847999987192
2,smoothV,chuang,28,21.19978899997659
2,smoothV,chuang,29,20.85945199994603
2,histogram,none,0,6.040575999999419
2,histogram,none,1,6.291165000002366
2,histogram,none,2,6.100633000023663
2,histogram,none,3,6.152395000040997
2,histogram,none,4,5.8811729999724776
2,histogram,none,5,5.92592099995818
2,histogram,none,6,5.9263560000108555
2,histogram,none,7,5.972672000003513
2,histogram,none,8,6.516714999976102
2,histogram,none,9,6.453747999970801
2,histogram,none,10,6.819167000008747
2,histogram,none,11,5.960671000008006
2,histogram,none,12,5.83564900001511
2,histogram,none,13,5.881384000007529
2,histogram,none,14,5.836834000016097
2,histogram,none,15,6.104728000005707
2,histogram,none,16,6.044715000025462
2,histogram,none,17,6.16001099999994
2,histogram,none,18,6.045098999980837
2,histogram,none,19,6.030352999980096
2,histogram,none,20,5.971419999958016
2,histogram,none,21,6.037348999991082
2,histogram,none,22,6.026563000050373
2,histogram,none,23,7.194719000020996
2,histogram,none,24,7.4186229999759234
2,histogram,none,25,5.9617250000010245
2,histogram,none,26,6.057020000007469
2,histogram,none,27,6.034290999989025
2,histogram,none,28,5.928612000017893
2,histogram,none,29,5.915361999999732
2,histogram,full,0,15.093802000046708
2,histogram,full,1,16.397119999979623
2,histogram,full,2,16.09389600000577
2,histogram,full,3,10.90761500003282
2,histogram,full,4,11.17755899997428
2,histogram,full,5,11.137830999970902
2,histogram,full,6,11.090428000024986
2,histogram,full,7,12.6936299999943
2,histogram,full,8,11.495070000004489
2,histogram,full,9,13.633308999997098
2,histogram,full,10,24.58627400000114
2,histogram,full,11,12.112131999980193
2,histogram,full,12,10.88101299997652
2,histogram,full,13,10.886246000009123
2,histogram,full,14,21.303107999963686
2,histogram,full,15,16.690164000028744
2,histogram,full,16,16.281743000028655
2,histogram,full,17,11.472036999999546
2,histogram,full,18,10.803537999978289
2,histogram,full,19,12.57329699996626
2,histogram,full,20,11.073419000022113
2,histogram,full,21,13.659206999989692
2,histogram,full,22,11.581051999994088
2,histogram,full,23,11.569350000005215
2,histogram,full,24,11.220735999988392
2,histogram,full,25,12.995240000018384
2,histogram,full,26,17.61636099999305
2,histogram,full,27,16.976046000025235
2,histogram,full,28,13.277705999964382
2,histogram,full,29,10.49072200001683
2,histogram,proof,0,9.820366999949329
2,histogram,proof,1,9.65918800001964
2,histogram,proof,2,9.646273999998812
2,histogram,proof,3,9.737447999999858
2,histogram,proof,4,9.64082299999427
2,histogram,proof,5,9.651734000013676
2,histogram,proof,6,9.698329999984708
2,histogram,proof,7,9.639114000019617
2,histogram,proof,8,19.30311699997401
2,histogram,proof,9,15.345153999980539
2,histogram,proof,10,15.225771000026725
2,histogram,proof,11,15.362601000000723
2,histogram,proof,12,15.238626000005752
2,histogram,proof,13,15.352496000006795
2,histogram,proof,14,15.378162000037264
2,histogram,proof,15,15.295885999978054
2,histogram,proof,16,15.356643999984954
2,histogram,proof,17,15.242846000008285
2,histogram,proof,18,15.237655000004452
2,histogram,proof,19,15.441227999981493
2,histogram,proof,20,15.51729200000409
2,histogram,proof,21,15.525480000011157
2,histogram,proof,22,15.383356000005733
2,histogram,proof,23,15.291542999970261
2,histogram,proof,24,9.594061000039801
2,histogram,proof,25,11.08901999995578
2,histogram,proof,26,10.96124700002838
2,histogram,proof,27,11.081245000008494
2,histogram,proof,28,9.852263999986462
2,histogram,proof,29,10.444011999992654
2,histogram,strict,0,9.860026000009384
2,histogram,strict,1,10.09690199996112
2,histogram,strict,2,9.901982000039425
2,histogram,strict,3,16.960785000002943
2,histogram,strict,4,17.35306599998148
2,histogram,strict,5,16.780211000004783
2,histogram,strict,6,16.77088999998523
2,histogram,strict,7,16.796119000006
2,histogram,strict,8,16.800350999983493
2,histogram,strict,9,17.209147999994457
2,histogram,strict,10,16.748268999974243
2,histogram,strict,11,17.02916799997911
2,histogram,strict,12,16.329024000035133
2,histogram,strict,13,16.642478000023402
2,histogram,strict,14,16.871319000027142
2,histogram,strict,15,14.906562999996822
2,histogram,strict,16,9.890266000002157
2,histogram,strict,17,9.543272000038996
2,histogram,strict,18,10.17646099999547
2,histogram,strict,19,9.897500999970362
2,histogram,strict,20,10.966705000028014
2,histogram,strict,21,16.47055799997179
2,histogram,strict,22,16.32697199995164
2,histogram,strict,23,16.182205000019167
2,histogram,strict,24,16.023813000007067
2,histogram,strict,25,16.432427000021562
2,histogram,strict,26,10.22453999996651
2,histogram,strict,27,16.412717999948654
2,histogram,strict,28,11.886950999964029
2,histogram,strict,29,11.48390599997947
2,histogram,balanced,0,16.064062000019476
2,histogram,balanced,1,15.955520000017714
2,histogram,balanced,2,16.083843000000343
2,histogram,balanced,3,16.08837199996924
2,histogram,balanced,4,15.969668000005186
2,histogram,balanced,5,13.193049999943469
2,histogram,balanced,6,16.44292400003178
2,histogram,balanced,7,16.315087000024505
2,histogram,balanced,8,14.549762999988161
2,histogram,balanced,9,16.392384000006132
2,histogram,balanced,10,16.212320999999065
2,histogram,balanced,11,16.099171000008937
2,histogram,balanced,12,16.225610000023153
2,histogram,balanced,13,16.045295000018086
2,histogram,balanced,14,16.03689899999881
2,histogram,balanced,15,16.141406999959145
2,histogram,balanced,16,16.153894999995828
2,histogram,balanced,17,15.590082999959122
2,histogram,balanced,18,14.58024199999636
2,histogram,balanced,19,16.25510900001973
2,histogram,balanced,20,16.23072700004559
2,histogram,balanced,21,16.355202000006102
2,histogram,balanced,22,16.120565000048373
2,histogram,balanced,23,16.271942999970634
2,histogram,balanced,24,16.22984300000826
2,histogram,balanced,25,16.45101199997589
2,histogram,balanced,26,16.23355800000718
2,histogram,balanced,27,16.450274000002537
2,histogram,balanced,28,15.620349999982864
2,histogram,balanced,29,9.895992000005208
2,histogram,performance,0,7.256312999990769
2,histogram,performance,1,7.456714999978431
2,histogram,performance,2,7.580864999967162
2,histogram,performance,3,7.611602999968454
2,histogram,performance,4,8.022577999974601
2,histogram,performance,5,7.763610000023618
2,histogram,performance,6,7.509167999960482
2,histogram,performance,7,8.281148999987636
2,histogram,performance,8,7.780871999973897
2,histogram,performance,9,7.938683999993373
2,histogram,performance,10,7.907035999989603
2,histogram,performance,11,7.801357999967877
2,histogram,performance,12,7.662474000011571
2,histogram,performance,13,7.65646300005028
2,histogram,performance,14,7.824651000031736
2,histogram,performance,15,7.667559999972582
2,histogram,performance,16,7.808417000051122
2,histogram,performance,17,7.62221000000136
2,histogram,performance,18,7.603746000037063
2,histogram,performance,19,7.4416910000145435
2,histogram,performance,20,7.8730499999946915
2,histogram,performance,21,7.577603000041563
2,histogram,performance,22,7.4327310000080615
2,histogram,performance,23,8.107017999980599
2,histogram,performance,24,7.714014999975916
2,histogram,performance,25,7.5577619999530725
2,histogram,performance,26,8.40216200001305
2,histogram,performance,27,7.454909000021871
2,histogram,performance,28,7.549559000006411
2,histogram,performance,29,7.505900999996811
2,histogram,budget:0.25,0,6.561264000018127
2,histogram,budget:0.25,1,6.5666889999993145
2,histogram,budget:0.25,2,6.394321999978274
2,histogram,budget:0.25,3,14.351259999966715
2,histogram,budget:0.25,4,9.444220000004862
2,histogram,budget:0.25,5,9.495866000012029
2,histogram,budget:0.25,6,9.424826000002213
2,histogram,budget:0.25,7,9.458550999988802
2,histogram,budget:0.25,8,9.682665000029374
2,histogram,budget:0.25,9,9.378150000004098
2,histogram,budget:0.25,10,6.065641000051983
2,histogram,budget:0.25,11,6.030610999965575
2,histogram,budget:0.25,12,5.97510300000431
2,histogram,budget:0.25,13,5.901949999970384
2,histogram,budget:0.25,14,5.973546999972314
2,histogram,budget:0.25,15,6.048849000013433
2,histogram,budget:0.25,16,8.502009999996517
2,histogram,budget:0.25,17,7.421213000023272
2,histogram,budget:0.25,18,9.675109000003431
2,histogram,budget:0.25,19,10.257532000017818
2,histogram,budget:0.25,20,12.99319700000342
2,histogram,budget:0.25,21,14.866679000027943
2,histogram,budget:0.25,22,15.62547699996503
2,histogram,budget:0.25,23,9.275759000040125
2,histogram,budget:0.25,24,10.468638000020292
2,histogram,budget:0.25,25,10.089720999996644
2,histogram,budget:0.25,26,9.687816000019666
2,histogram,budget:0.25,27,7.541572999965865
2,histogram,budget:0.25,28,6.200795000011567
2,histogram,budget:0.25,29,5.970906000002287
2,histogram,budget:0.5,0,8.258391999988817
2,histogram,budget:0.5,1,9.34561300004134
2,histogram,budget:0.5,2,7.5729019999853335
2,histogram,budget:0.5,3,7.532693000044674
2,histogram,budget:0.5,4,8.034890999959316
2,histogram,budget:0.5,5,8.022305000049528
2,histogram,budget:0.5,6,9.880738000036217
2,histogram,budget:0.5,7,11.464786000025924
2,histogram,budget:0.5,8,11.731353000039235
2,histogram,budget:0.5,9,11.646209000027739
2,histogram,budget:0.5,10,11.638902999984566
2,histogram,budget:0.5,11,11.402579999994487
2,histogram,budget:0.5,12,11.26123900001403
2,histogram,budget:0.5,13,11.040811999992002
2,histogram,budget:0.5,14,10.997939999972004
2,histogram,budget:0.5,15,11.073161999986041
2,histogram,budget:0.5,16,10.286808999953791
2,histogram,budget:0.5,17,11.138420999981463
2,histogram,budget:0.5,18,10.020768000045791
2,histogram,budget:0.5,19,11.293248999980278
2,histogram,budget:0.5,20,11.441217000014149
2,histogram,budget:0.5,21,11.318689999985509
2,histogram,budget:0.5,22,11.360057000012603
2,histogram,budget:0.5,23,11.403766000003088
2,histogram,budget:0.5,24,11.334047999989707
2,histogram,budget:0.5,25,12.048007000004873
2,histogram,budget:0.5,26,11.276889999979176
2,histogram,budget:0.5,27,11.041135000006761
2,histogram,budget:0.5,28,11.259757000021636
2,histogram,budget:0.5,29,11.249967999989167
2,histogram,chuang,0,8.660526000021491
2,histogram,chuang,1,10.67850300000282
2,histogram,chuang,2,8.957353000005241
2,histogram,chuang,3,9.100034000002779
2,histogram,chuang,4,10.01579400000628
2,histogram,chuang,5,11.769623000000138
2,histogram,chuang,6,11.73777299997164
2,histogram,chuang,7,9.587976999988314
2,histogram,chuang,8,9.183396000007633
2,histogram,chuang,9,9.848704999953043
2,histogram,chuang,10,8.232468999980483
2,histogram,chuang,11,9.816151999984868
2,histogram,chuang,12,7.692594000021927
2,histogram,chuang,13,7.482367000018712
2,histogram,chuang,14,7.546235000016168
2,histogram,chuang,15,7.374815999995917
2,histogram,chuang,16,7.323601000010967
2,histogram,chuang,17,7.574940000020433
2,histogram,chuang,18,7.436685000022408
2,histogram,chuang,19,7.877016999991611
2,histogram,chuang,20,7.910184999986086
2,histogram,chuang,21,8.123774999985471
2,histogram,chuang,22,7.613929000042845
2,histogram,chuang,23,7.641691999975592
2,histogram,chuang,24,8.480670000019018
2,histogram,chuang,25,7.512478000018746
2,histogram,chuang,26,7.549648000043817
2,histogram,chuang,27,8.346212000004016
2,histogram,chuang,28,7.534043000021484
2,histogram,chuang,29,8.596755999955349
2,bubbleSort,none,0,16.527402999985497
2,bubbleSort,none,1,13.665760000003502
2,bubbleSort,none,2,10.986776000005193
2,bubbleSort,none,3,10.956338999967556
2,bubbleSort,none,4,10.915989000000991
2,bubbleSort,none,5,10.974392000003718
2,bubbleSort,none,6,10.911342000006698
2,bubbleSort,none,7,11.112288999953307
2,bubbleSort,none,8,10.979777999978978
2,bubbleSort,none,9,11.492137000022922
2,bubbleSort,none,10,11.215945000003558
2,bubbleSort,none,11,12.208363000012469
2,bubbleSort,none,12,12.866139999998268
2,bubbleSort,none,13,11.535023999982513
2,bubbleSort,none,14,11.408690999960527
2,bubbleSort,none,15,12.163889999967068
2,bubbleSort,none,16,11.361226000008173
2,bubbleSort,none,17,13.255621000018436
2,bubbleSort,none,18,12.137021000031382
2,bubbleSort,none,19,11.314106000005268
2,bubbleSort,none,20,11.08747599995695
2,bubbleSort,none,21,11.480263000004925
2,bubbleSort,none,22,12.6959200000274
2,bubbleSort,none,23,11.765536000020802
2,bubbleSort,none,24,11.259625000006054
2,bubbleSort,none,25,11.339405999984592
2,bubbleSort,none,26,11.764235000009649
2,bubbleSort,none,27,11.498067000007723
2,bubbleSort,none,28,11.392142999975476
2,bubbleSort,none,29,12.19943300000159
2,bubbleSort,full,0,13.024225999950431
2,bubbleSort,full,1,12.703732000023592
2,bubbleSort,full,2,13.113997999986168
2,bubbleSort,full,3,12.9436819999828
2,bubbleSort,full,4,12.707909999997355
2,bubbleSort,full,5,13.569244999962393
2,bubbleSort,full,6,12.876167999987956
2,bubbleSort,full,7,15.56962000002386
2,bubbleSort,full,8,14.625503999995999
2,bubbleSort,full,9,19.629756999958772
2,bubbleSort,full,10,13.802841000026092
2,bubbleSort,full,11,14.162753000040539
2,bubbleSort,full,12,14.430740999989212
2,bubbleSort,full,13,15.163990999979433
2,bubbleSort,full,14,20.77604899997823
2,bubbleSort,full,15,20.483593999990262
2,bubbleSort,full,16,20.48324600001797
2,bubbleSort,full,17,20.602945999999065
2,bubbleSort,full,18,20.4845900000073
2,bubbleSort,full,19,20.484164999972563
2,bubbleSort,full,20,20.683706999989226
2,bubbleSort,full,21,21.21516000002157
2,bubbleSort,full,22,20.486174000019673
2,bubbleSort,full,23,20.6679909999948
2,bubbleSort,full,24,20.55897300003562
2,bubbleSort,full,25,20.398503000033088
2,bubbleSort,full,26,20.441674000001512
2,bubbleSort,full,27,20.61400100000901
2,bubbleSort,full,28,20.395656000007875
2,bubbleSort,full,29,20.613867999985814
2,bubbleSort,proof,0,20.546143000014126
2,bubbleSort,proof,1,20.43788699997822
2,bubbleSort,proof,2,20.502286999952048
2,bubbleSort,proof,3,20.609668999968562
2,bubbleSort,proof,4,18.45969899999909
2,bubbleSort,proof,5,12.465127000003122
2,bubbleSort,proof,6,12.483968000044115
2,bubbleSort,proof,7,12.442676000006031
2,bubbleSort,proof,8,12.63918499997817
2,bubbleSort,proof,9,12.444718000013381
2,bubbleSort,proof,10,12.625036999990698
2,bubbleSort,proof,11,12.448573000030592
2,bubbleSort,proof,12,12.455161999969278
2,bubbleSort,proof,13,12.535896999994293
2,bubbleSort,proof,14,12.456919000018388
2,bubbleSort,proof,15,12.753113999962807
2,bubbleSort,proof,16,12.523540000023786
2,bubbleSort,proof,17,12.440747999993619
2,bubbleSort,proof,18,12.55112800002098
2,bubbleSort,proof,19,12.448970999976154
2,bubbleSort,proof,20,12.536650999973062
2,bubbleSort,proof,21,12.554608000034932
2,bubbleSort,proof,22,12.5799709999701
2,bubbleSort,proof,23,12.610097999975551
2,bubbleSort,proof,24,12.548446000029799
2,bubbleSort,proof,25,12.455182000005152
2,bubbleSort,proof,26,12.436966000008397
2,bubbleSort,proof,27,12.48355599999195
2,bubbleSort,proof,28,12.541026999999303
2,bubbleSort,proof,29,12.430319999984931
2,bubbleSort,strict,0,13.507605999999214
2,bubbleSort,strict,1,13.804257000039797
2,bubbleSort,strict,2,12.926407000049949
2,bubbleSort,strict,3,15.125072999973781
2,bubbleSort,strict,4,16.55513900000369
2,bubbleSort,strict,5,14.011998999980278
2,bubbleSort,strict,6,13.737177000031807
2,bubbleSort,strict,7,14.618851999985054
2,bubbleSort,strict,8,14.500693000038154
2,bubbleSort,strict,9,13.326360000006389
2,bubbleSort,strict,10,13.72564700001385
2,bubbleSort,strict,11,13.873045999964233
2,bubbleSort,strict,12,15.021903999964707
2,bubbleSort,strict,13,14.438194999995176
2,bubbleSort,strict,14,16.35254699998768
2,bubbleSort,strict,15,12.995524000027217
2,bubbleSort,strict,16,20.866506000049412
2,bubbleSort,strict,17,22.00246899999911
2,bubbleSort,strict,18,16.327333000022918
2,bubbleSort,strict,19,13.481622999999672
2,bubbleSort,strict,20,13.30076299997745
2,bubbleSort,strict,21,13.675247000006493
2,bubbleSort,strict,22,13.671808999963105
2,bubbleSort,strict,23,13.636195000028238
2,bubbleSort,strict,24,13.008200000040233
2,bubbleSort,strict,25,13.884735999978147
2,bubbleSort,strict,26,19.799877999990713
2,bubbleSort,strict,27,14.228382000001147
2,bubbleSort,strict,28,16.06396699999459
2,bubbleSort,strict,29,14.466696999967098
2,bubbleSort,balanced,0,14.45824199996423
2,bubbleSort,balanced,1,14.17967199999839
2,bubbleSort,balanced,2,12.220310000004247
2,bubbleSort,balanced,3,13.972194999980275
2,bubbleSort,balanced,4,11.341282999957912
2,bubbleSort,balanced,5,11.18119699996896
2,bubbleSort,balanced,6,11.30472399998689
2,bubbleSort,balanced,7,11.403466999996454
2,bubbleSort,balanced,8,12.484863999998197
2,bubbleSort,balanced,9,11.641039000009187
2,bubbleSort,balanced,10,11.545298999990337
2,bubbleSort,balanced,11,11.551269999996293
2,bubbleSort,balanced,12,11.357291999971494
2,bubbleSort,balanced,13,11.397648000041954
2,bubbleSort,balanced,14,11.147852000023704
2,bubbleSort,balanced,15,11.503443000023253
2,bubbleSort,balanced,16,11.555919000005815
2,bubbleSort,balanced,17,11.356020000006538
2,bubbleSort,balanced,18,11.828366000030655
2,bubbleSort,balanced,19,11.329014000017196
2,bubbleSort,balanced,20,11.205956000019796
2,bubbleSort,balanced,21,11.676022000028752
2,bubbleSort,balanced,22,11.487871999968775
2,bubbleSort,balanced,23,11.21672100003343
2,bubbleSort,balanced,24,11.371752000006381
2,bubbleSort,balanced,25,11.45401899999706
2,bubbleSort,balanced,26,11.346282000013161
2,bubbleSort,balanced,27,11.251901000039652
2,bubbleSort,balanced,28,11.30457999999635
2,bubbleSort,balanced,29,12.60885000001872
2,bubbleSort,performance,0,12.053788999968674
2,bubbleSort,performance,1,15.411411999957636
2,bubbleSort,performance,2,15.337143999990076
2,bubbleSort,performance,3,12.060198999999557
2,bubbleSort,performance,4,11.995333999977447
2,bubbleSort,performance,5,11.27898100001039
2,bubbleSort,performance,6,12.047231000033207
2,bubbleSort,performance,7,10.991582999995444
2,bubbleSort,performance,8,11.056266999978106
2,bubbleSort,performance,9,11.456578999990597
2,bubbleSort,performance,10,11.130158999993
2,bubbleSort,performance,11,11.017588999995496
2,bubbleSort,performance,12,11.770003999990877
2,bubbleSort,performance,13,11.1967430000077
2,bubbleSort,performance,14,11.085665000020526
2,bubbleSort,performance,15,11.140498999971896
2,bubbleSort,performance,16,11.301508999953512
2,bubbleSort,performance,17,11.990538000012748
2,bubbleSort,performance,18,12.664235000032932
2,bubbleSort,performance,19,11.978577999980189
2,bubbleSort,performance,20,11.178416999988258
2,bubbleSort,performance,21,11.583796999999322
2,bubbleSort,performance,22,12.047346999985166
2,bubbleSort,performance,23,11.9849900000263
2,bubbleSort,performance,24,11.37130800000159
2,bubbleSort,performance,25,12.485366999986582
2,bubbleSort,performance,26,12.171471999958158
2,bubbleSort,performance,27,12.660904999997001
2,bubbleSort,performance,28,11.173091000004206
2,bubbleSort,performance,29,12.12615199998254
2,bubbleSort,budget:0.25,0,10.980457999976352
2,bubbleSort,budget:0.25,1,11.25805499998387
2,bubbleSort,budget:0.25,2,11.826098999998067
2,bubbleSort,budget:0.25,3,11.733800999994855
2,bubbleSort,budget:0.25,4,11.399610999971628
2,bubbleSort,budget:0.25,5,11.593725000042468
2,bubbleSort,budget:0.25,6,11.109416999970563
2,bubbleSort,budget:0.25,7,14.143888999999035
2,bubbleSort,budget:0.25,8,11.21725799998967
2,bubbleSort,budget:0.25,9,11.577787999995053
2,bubbleSort,budget:0.25,10,11.469363000011072
2,bubbleSort,budget:0.25,11,11.010466000007
2,bubbleSort,budget:0.25,12,10.955925000016578
2,bubbleSort,budget:0.25,13,10.975182999973185
2,bubbleSort,budget:0.25,14,11.134537999983877
2,bubbleSort,budget:0.25,15,11.287245999963488
2,bubbleSort,budget:0.25,16,11.127940999984276
2,bubbleSort,budget:0.25,17,10.925067999982275
2,bubbleSort,budget:0.25,18,10.89022699999623
2,bubbleSort,budget:0.25,19,10.973701000039
2,bubbleSort,budget:0.25,20,11.209369999996852
2,bubbleSort,budget:0.25,21,13.095776000001933
2,bubbleSort,budget:0.25,22,16.25697799999034
2,bubbleSort,budget:0.25,23,16.358112000045367
2,bubbleSort,budget:0.25,24,15.765614000032656
2,bubbleSort,budget:0.25,25,16.19070899998769
2,bubbleSort,budget:0.25,26,16.659144999983255
2,bubbleSort,budget:0.25,27,20.207615999970585
2,bubbleSort,budget:0.25,28,21.317245999991428
2,bubbleSort,budget:0.25,29,18.922112999949604
2,bubbleSort,budget:0.5,0,11.457173999981023
2,bubbleSort,budget:0.5,1,13.59076200000709
2,bubbleSort,budget:0.5,2,15.494684999983292
2,bubbleSort,budget:0.5,3,16.12950500001898
2,bubbleSort,budget:0.5,4,16.280420999974012
2,bubbleSort,budget:0.5,5,16.213759000005666
2,bubbleSort,budget:0.5,6,16.214964000042528
2,bubbleSort,budget:0.5,7,12.103806999977678
2,bubbleSort,budget:0.5,8,12.540901999978814
2,bubbleSort,budget:0.5,9,11.86244599998463
2,bubbleSort,budget:0.5,10,13.05985600000713
2,bubbleSort,budget:0.5,11,11.58741600002395
2,bubbleSort,budget:0.5,12,11.323640000016894
2,bubbleSort,budget:0.5,13,11.753235000011045
2,bubbleSort,budget:0.5,14,14.20830699999351
2,bubbleSort,budget:0.5,15,11.896898999984842
2,bubbleSort,budget:0.5,16,11.25924899999518
2,bubbleSort,budget:0.5,17,11.766857000009622
2,bubbleSort,budget:0.5,18,11.621512999990955
2,bubbleSort,budget:0.5,19,11.575825000007171
2,bubbleSort,budget:0.5,20,11.361352999985684
2,bubbleSort,budget:0.5,21,11.436233000014909
2,bubbleSort,budget:0.5,22,11.548731999995653
2,bubbleSort,budget:0.5,23,11.552313999971375
2,bubbleSort,budget:0.5,24,11.580692999996245
2,bubbleSort,budget:0.5,25,12.104645000013988
2,bubbleSort,budget:0.5,26,11.607247000036296
2,bubbleSort,budget:0.5,27,12.541500999999698
2,bubbleSort,budget:0.5,28,13.637598000001162
2,bubbleSort,budget:0.5,29,14.108139000018127
2,bubbleSort,chuang,0,15.75944100000197
2,bubbleSort,chuang,1,15.739157999982126
2,bubbleSort,chuang,2,15.740739999979269
2,bubbleSort,chuang,3,15.871791999961715
2,bubbleSort,chuang,4,15.775034999998752
2,bubbleSort,chuang,5,15.682130000030156
2,bubbleSort,chuang,6,15.976189000008162
2,bubbleSort,chuang,7,15.539358999987599
2,bubbleSort,chuang,8,15.788148000021465
2,bubbleSort,chuang,9,15.665082000021357
2,bubbleSort,chuang,10,15.60628899995936
2,bubbleSort,chuang,11,15.740292000002228
2,bubbleSort,chuang,12,15.697450999985449
2,bubbleSort,chuang,13,15.840128000010736
2,bubbleSort,chuang,14,15.688676000048872
2,bubbleSort,chuang,15,15.55275899998378
2,bubbleSort,chuang,16,16.16980799997691
2,bubbleSort,chuang,17,16.406264999997802
2,bubbleSort,chuang,18,16.213586000027135
2,bubbleSort,chuang,19,17.491288999968674
2,bubbleSort,chuang,20,18.149169000040274
2,bubbleSort,chuang,21,14.046367999981157
2,bubbleSort,chuang,22,10.821358999994118
2,bubbleSort,chuang,23,10.630464999994729
2,bubbleSort,chuang,24,10.641749000002164
2,bubbleSort,chuang,25,10.786477000045124
2,bubbleSort,chuang,26,10.721511999960057
2,bubbleSort,chuang,27,10.804514000017662
2,bubbleSort,chuang,28,10.918653999979142
2,bubbleSort,chuang,29,10.740877999982331
2,insertionSort,none,0,8.627645000000484
2,insertionSort,none,1,8.122647000011057
2,insertionSort,none,2,7.459812999994028
2,insertionSort,none,3,7.409008999995422
2,insertionSort,none,4,7.442642999987584
2,insertionSort,none,5,7.510061999957543
2,insertionSort,none,6,7.620091999997385
2,insertionSort,none,7,7.492114000022411
2,insertionSort,none,8,8.744038999953773
2,insertionSort,none,9,8.658717999991495
2,insertionSort,none,10,8.912851999979466
2,insertionSort,none,11,8.142324000014924
2,insertionSort,none,12,8.474089000024833
2,insertionSort,none,13,9.054131000011694
2,insertionSort,none,14,9.785170000046492
2,insertionSort,none,15,9.832437999953981
2,insertionSort,none,16,9.811944999964908
2,insertionSort,none,17,9.739100000006147
2,insertionSort,none,18,9.098625999991782
2,insertionSort,none,19,8.76524999999674
2,insertionSort,none,20,9.378257999953348
2,insertionSort,none,21,8.19943300000159
2,insertionSort,none,22,8.52903299999889
2,insertionSort,none,23,9.763849999988452
2,insertionSort,none,24,7.4259559999918565
2,insertionSort,none,25,7.645438000035938
2,insertionSort,none,26,7.446319999988191
2,insertionSort,none,27,7.4602909999666736
2,insertionSort,none,28,7.590972000034526
2,insertionSort,none,29,7.781658000021707
2,insertionSort,full,0,15.652977999998257
2,insertionSort,full,1,15.130674999963958
2,insertionSort,full,2,10.832595000043511
2,insertionSort,full,3,11.760611000005156
2,insertionSort,full,4,11.946232000016607
2,insertionSort,full,5,14.458212000026833
2,insertionSort,full,6,13.063339999993332
2,insertionSort,full,7,11.047354999987874
2,insertionSort,full,8,14.60667300003115
2,insertionSort,full,9,16.118263999989722
2,insertionSort,full,10,16.36552200000733
2,insertionSort,full,11,16.358325999986846
2,insertionSort,full,12,16.14794900000561
2,insertionSort,full,13,15.65007799997693
2,insertionSort,full,14,16.005386999982875
2,insertionSort,full,15,15.737719000026118
2,insertionSort,full,16,15.871263000008184
2,insertionSort,full,17,15.920312999980524
2,insertionSort,full,18,16.0098950000247
2,insertionSort,full,19,15.95954900002107
2,insertionSort,full,20,11.28723000001628
2,insertionSort,full,21,13.491865999996662
2,insertionSort,full,22,10.230796000047121
2,insertionSort,full,23,9.713417000020854
2,insertionSort,full,24,9.733523999981117
2,insertionSort,full,25,9.992003999999724
2,insertionSort,full,26,14.574094999989029
2,insertionSort,full,27,11.40408100001514
2,insertionSort,full,28,12.117411000013817
2,insertionSort,full,29,11.287912000028882
2,insertionSort,proof,0,10.381760000018403
2,insertionSort,proof,1,9.658491000009235
2,insertionSort,proof,2,9.743827000027522
2,insertionSort,proof,3,10.099022999987938
2,insertionSort,proof,4,10.637165000021923
2,insertionSort,proof,5,10.00598399998853
2,insertionSort,proof,6,9.98300200002268
2,insertionSort,proof,7,11.34285399998771
2,insertionSort,proof,8,9.68084899999667
2,insertionSort,proof,9,9.69987900002161
2,insertionSort,proof,10,9.63411000004271
2,insertionSort,proof,11,9.52144900005078
2,insertionSort,proof,12,9.865674999949988
2,insertionSort,proof,13,12.657900999998674
2,insertionSort,proof,14,15.417579000000842
2,insertionSort,proof,15,15.358040999970399
2,insertionSort,proof,16,14.617360999982338
2,insertionSort,proof,17,14.467429999960586
2,insertionSort,proof,18,14.3190300000133
2,insertionSort,proof,19,14.37478099996224
2,insertionSort,proof,20,14.268721000000369
2,insertionSort,proof,21,14.360195000015665
2,insertionSort,proof,22,16.09062500001164
2,insertionSort,proof,23,14.278120999981184
2,insertionSort,proof,24,9.696338000008836
2,insertionSort,proof,25,9.683139000029769
2,insertionSort,proof,26,11.012816999980714
2,insertionSort,proof,27,9.69676200003596
2,insertionSort,proof,28,9.718533999985084
2,insertionSort,proof,29,13.750640999991447
2,insertionSort,strict,0,9.49452000000747
2,insertionSort,strict,1,9.527278999972623
2,insertionSort,strict,2,11.9869249999756
2,insertionSort,strict,3,12.143304000026546
2,insertionSort,strict,4,10.460382000019308
2,insertionSort,strict,5,9.674654999980703
2,insertionSort,strict,6,11.930025999958161
2,insertionSort,strict,7,10.291285999992397
2,insertionSort,strict,8,10.573601000010967
2,insertionSort,strict,9,10.288352000003215
2,insertionSort,strict,10,12.443100000033155
2,insertionSort,strict,11,12.402263000025414
2,insertionSort,strict,12,10.246088999963831
2,insertionSort,strict,13,10.355922000017017
2,insertionSort,strict,14,16.09808399999747
2,insertionSort,strict,15,9.987925000023097
2,insertionSort,strict,16,9.592830000037793
2,insertionSort,strict,17,9.630769000039436
2,insertionSort,strict,18,9.800211999972817
2,insertionSort,strict,19,9.918338000017684
2,insertionSort,strict,20,10.027432000031695
2,insertionSort,strict,21,14.634779000014532
2,insertionSort,strict,22,14.994157000037376
2,insertionSort,strict,23,15.346053000015672
2,insertionSort,strict,24,15.384381000010762
2,insertionSort,strict,25,15.046012000006158
2,insertionSort,strict,26,15.22116700001061
2,insertionSort,strict,27,15.208075999980792
2,insertionSort,strict,28,14.987390000023879
2,insertionSort,strict,29,14.645625000004657
2,insertionSort,balanced,0,10.285672999976669
2,insertionSort,balanced,1,10.202932000043802
2,insertionSort,balanced,2,7.98353099997621
2,insertionSort,balanced,3,9.768857999995816
2,insertionSort,balanced,4,10.181711999990512
2,insertionSort,balanced,5,9.982292000029702
2,insertionSort,balanced,6,8.927514999988489
2,insertionSort,balanced,7,9.572015999990981
2,insertionSort,balanced,8,10.073786999972071
2,insertionSort,balanced,9,10.120541999989655
2,insertionSort,balanced,10,10.161057999997865
2,insertionSort,balanced,11,10.281957999977749
2,insertionSort,balanced,12,10.164348000020254
2,insertionSort,balanced,13,8.22159400000237
2,insertionSort,balanced,14,9.472206000005826
2,insertionSort,balanced,15,8.174381999997422
2,insertionSort,balanced,16,10.23073700000532
2,insertionSort,balanced,17,10.207601999980398
2,insertionSort,balanced,18,10.235557999985758
2,insertionSort,balanced,19,10.210115000023507
2,insertionSort,balanced,20,10.1548710000352
2,insertionSort,balanced,21,10.327058000024408
2,insertionSort,balanced,22,10.416971000027843
2,insertionSort,balanced,23,10.352696000016294
2,insertionSort,balanced,24,8.97164399997564
2,insertionSort,balanced,25,10.053092000016477
2,insertionSort,balanced,26,9.87781899998663
2,insertionSort,balanced,27,10.480218000011519
2,insertionSort,balanced,28,9.999703999958001
2,insertionSort,balanced,29,10.406229000014719
2,insertionSort,performance,0,10.628098000015598
2,insertionSort,performance,1,10.265079000033438
2,insertionSort,performance,2,10.120485999970697
2,insertionSort,performance,3,10.273351000039838
2,insertionSort,performance,4,10.355241000012029
2,insertionSort,performance,5,10.122174000018276
2,insertionSort,performance,6,10.072183999989647
2,insertionSort,performance,7,10.252562000008766
2,insertionSort,performance,8,10.355055000050925
2,insertionSort,performance,9,10.438002999988385
2,insertionSort,performance,10,9.004588000010699
2,insertionSort,performance,11,8.790946000022814
2,insertionSort,performance,12,10.122403000015765
2,insertionSort,performance,13,10.25690899998881
2,insertionSort,performance,14,10.418128999997862
2,insertionSort,performance,15,10.3384350000415
2,insertionSort,performance,16,10.242341000004672
2,insertionSort,performance,17,10.437885000021197
2,insertionSort,performance,18,9.574492999992799
2,insertionSort,performance,19,10.04445799998939
2,insertionSort,performance,20,10.248736000037752
2,insertionSort,performance,21,10.396615999983624
2,insertionSort,performance,22,10.102253000019118
2,insertionSort,performance,23,10.290234000014607
2,insertionSort,performance,24,10.058999000000767
2,insertionSort,performance,25,10.220102999999654
2,insertionSort,performance,26,10.15903999999864
2,insertionSort,performance,27,10.14000600000145
2,insertionSort,performance,28,10.17835699999705
2,insertionSort,performance,29,10.039881000004243
2,insertionSort,budget:0.25,0,10.163907999987714
2,insertionSort,budget:0.25,1,10.028149000019766
2,insertionSort,budget:0.25,2,10.054853999987245
2,insertionSort,budget:0.25,3,9.912460000021383
2,insertionSort,budget:0.25,4,10.090746000001673
2,insertionSort,budget:0.25,5,10.00236300000688
2,insertionSort,budget:0.25,6,9.935284000006504
2,insertionSort,budget:0.25,7,9.990454999962822
2,insertionSort,budget:0.25,8,10.084052999969572
2,insertionSort,budget:0.25,9,10.035424000001512
2,insertionSort,budget:0.25,10,10.053050999995321
2,insertionSort,budget:0.25,11,9.767532999976538
2,insertionSort,budget:0.25,12,9.970455000002403
2,insertionSort,budget:0.25,13,10.054948000004515
2,insertionSort,budget:0.25,14,10.79335600003833
2,insertionSort,budget:0.25,15,9.949712000030559
2,insertionSort,budget:0.25,16,10.024519999977201
2,insertionSort,budget:0.25,17,8.378364999953192
2,insertionSort,budget:0.25,18,8.493740000005346
2,insertionSort,budget:0.25,19,7.478507999971043
2,insertionSort,budget:0.25,20,7.551696999988053
2,insertionSort,budget:0.25,21,9.890033999981824
2,insertionSort,budget:0.25,22,9.90149499999825
2,insertionSort,budget:0.25,23,10.355406999995466
2,insertionSort,budget:0.25,24,10.733855999947991
2,insertionSort,budget:0.25,25,11.116840999980923
2,insertionSort,budget:0.25,26,10.074699999997392
2,insertionSort,budget:0.25,27,10.113576999981888
2,insertionSort,budget:0.25,28,9.864084999950137
2,insertionSort,budget:0.25,29,10.285653999948408
2,insertionSort,budget:0.5,0,9.72249799995916
2,insertionSort,budget:0.5,1,9.59297699999297
2,insertionSort,budget:0.5,2,9.839521999994759
2,insertionSort,budget:0.5,3,9.94930999999633
2,insertionSort,budget:0.5,4,9.990580000041518
2,insertionSort,budget:0.5,5,9.906394999998156
2,insertionSort,budget:0.5,6,9.686467999999877
2,insertionSort,budget:0.5,7,9.539103000017349
2,insertionSort,budget:0.5,8,9.522559999953955
2,insertionSort,budget:0.5,9,9.873621999984607
2,insertionSort,budget:0.5,10,10.682053000025917
2,insertionSort,budget:0.5,11,8.676634999981616
2,insertionSort,budget:0.5,12,7.56243299995549
2,insertionSort,budget:0.5,13,7.952127000025939
2,insertionSort,budget:0.5,14,8.455083000008017
2,insertionSort,budget:0.5,15,7.505434999999125
2,insertionSort,budget:0.5,16,10.139021000009961
2,insertionSort,budget:0.5,17,9.785395000013523
2,insertionSort,budget:0.5,18,9.638260000036098
2,insertionSort,budget:0.5,19,9.433186000038404
2,insertionSort,budget:0.5,20,9.779523000004701
2,insertionSort,budget:0.5,21,9.920247000001837
2,insertionSort,budget:0.5,22,9.896218999987468
2,insertionSort,budget:0.5,23,10.052068000019062
2,insertionSort,budget:0.5,24,9.707082999986596
2,insertionSort,budget:0.5,25,9.717094000021461
2,insertionSort,budget:0.5,26,9.833006000029854
2,insertionSort,budget:0.5,27,9.655675000045449
2,insertionSort,budget:0.5,28,9.672944999998435
2,insertionSort,budget:0.5,29,9.757785000023432
2,insertionSort,chuang,0,12.558261000027414
2,insertionSort,chuang,1,12.626730000018142
2,insertionSort,chuang,2,11.252275999984704
2,insertionSort,chuang,3,15.171481000026688
2,insertionSort,chuang,4,12.832019000023138
2,insertionSort,chuang,5,13.15161200001603
2,insertionSort,chuang,6,13.225001999991946
2,insertionSort,chuang,7,12.7697090000147
2,insertionSort,chuang,8,12.822764999989886
2,insertionSort,chuang,9,12.778553000011016
2,insertionSort,chuang,10,12.839270999946166
2,insertionSort,chuang,11,12.886146000004373
2,insertionSort,chuang,12,12.8169919999782
2,insertionSort,chuang,13,12.945540999993682
2,insertionSort,chuang,14,12.226496999966912
2,insertionSort,chuang,15,8.563874000043143
2,insertionSort,chuang,16,8.559489999955986
2,insertionSort,chuang,17,8.657568000024185
2,insertionSort,chuang,18,8.503277999989223
2,insertionSort,chuang,19,8.804808000044432
2,insertionSort,chuang,20,8.674071999965236
2,insertionSort,chuang,21,9.683292000030633
2,insertionSort,chuang,22,9.299079000018537
2,insertionSort,chuang,23,9.364156000025105
2,insertionSort,chuang,24,12.76151400001254
2,insertionSort,chuang,25,12.934074999997392
2,insertionSort,chuang,26,12.52268999995431
2,insertionSort,chuang,27,12.391730999981519
2,insertionSort,chuang,28,11.593112000031397
2,insertionSort,chuang,29,12.109314000001177
2,binarySearch,none,0,45.493576999986544
2,binarySearch,none,1,47.86891399999149
2,binarySearch,none,2,48.41140700003598
2,binarySearch,none,3,49.60416200000327
2,binarySearch,none,4,46.68140599998878
2,binarySearch,none,5,45.42604200000642
2,binarySearch,none,6,45.16353000001982
2,binarySearch,none,7,45.35711799998535
2,binarySearch,none,8,46.1057429999928
2,binarySearch,none,9,45.64897999999812
2,binarySearch,none,10,46.11113299999852
2,binarySearch,none,11,46.03087499999674
2,binarySearch,none,12,46.83610200003022
2,binarySearch,none,13,50.70998400001554
2,binarySearch,none,14,51.816415999957826
2,binarySearch,none,15,51.711051999998745
2,binarySearch,none,16,50.94644299999345
2,binarySearch,none,17,50.35064000001876
2,binarySearch,none,18,51.4934030000004
2,binarySearch,none,19,50.23846500000218
2,binarySearch,none,20,50.332344000053126
2,binarySearch,none,21,48.90613600000506
2,binarySearch,none,22,50.48147599998629
2,binarySearch,none,23,46.45438099995954
2,binarySearch,none,24,45.60669799998868
2,binarySearch,none,25,47.35253699996974
2,binarySearch,none,26,46.82917699997779
2,binarySearch,none,27,47.97909300000174
2,binarySearch,none,28,46.80773900001077
2,binarySearch,none,29,47.41436200001044
2,binarySearch,full,0,45.845490999985486
2,binarySearch,full,1,47.08068899996579
2,binarySearch,full,2,47.794759000011254
2,binarySearch,full,3,47.22516700002598
2,binarySearch,full,4,48.57305599999381
2,binarySearch,full,5,55.66818099998636
2,binarySearch,full,6,46.84808999998495
2,binarySearch,full,7,46.02127600001404
2,binarySearch,full,8,46.08062899997458
2,binarySearch,full,9,46.80321899999399
2,binarySearch,full,10,49.34124300000258
2,binarySearch,full,11,52.0435910000233
2,binarySearch,full,12,46.265418000053614
2,binarySearch,full,13,52.71562400000403
2,binarySearch,full,14,46.93713899998693
2,binarySearch,full,15,45.82552799995756
2,binarySearch,full,16,48.65417500003241
2,binarySearch,full,17,54.65637899999274
2,binarySearch,full,18,61.94106300000567
2,binarySearch,full,19,53.800477999961004
2,binarySearch,full,20,52.38609000004362
2,binarySearch,full,21,51.23370800004341
2,binarySearch,full,22,47.027024999959394
2,binarySearch,full,23,49.521500000031665
2,binarySearch,full,24,55.802802000020165
2,binarySearch,full,25,56.23243600002024
2,binarySearch,full,26,51.592658999958076
2,binarySearch,full,27,45.925379000022076
2,binarySearch,full,28,46.11464200000046
2,binarySearch,full,29,46.31224599998677
2,binarySearch,proof,0,45.84814600000391
2,binarySearch,proof,1,46.56639300001552
2,binarySearch,proof,2,46.770286999992095
2,binarySearch,proof,3,46.955125999986194
2,binarySearch,proof,4,47.48746099998243
2,binarySearch,proof,5,47.77203200000804
2,binarySearch,proof,6,47.76417399995262
2,binarySearch,proof,7,46.243138000019826
2,binarySearch,proof,8,49.61973299999954
2,binarySearch,proof,9,54.7242570000235
2,binarySearch,proof,10,53.02149000001373
2,binarySearch,proof,11,52.99736599996686
2,binarySearch,proof,12,52.66834999999264
2,binarySearch,proof,13,52.92254199995659
2,binarySearch,proof,14,52.754131000023335
2,binarySearch,proof,15,52.83368199999677
2,binarySearch,proof,16,50.14647999999579
2,binarySearch,proof,17,47.77841900003841
2,binarySearch,proof,18,50.806125000002794
2,binarySearch,proof,19,49.26746900001308
2,binarySearch,proof,20,52.62529499997618
2,binarySearch,proof,21,52.31562499998836
2,binarySearch,proof,22,52.45381699997233
2,binarySearch,proof,23,52.73932300001616
2,binarySearch,proof,24,52.854223000002094
2,binarySearch,proof,25,52.67996400000993
2,binarySearch,proof,26,48.60383399995044
2,binarySearch,proof,27,47.040317000006326
2,binarySearch,proof,28,48.03345699998317
2,binarySearch,proof,29,52.47400300001027
2,binarySearch,strict,0,57.74833499995293
2,binarySearch,strict,1,49.59771100000944
2,binarySearch,strict,2,55.65766899997834
2,binarySearch,strict,3,48.91485200001625
2,binarySearch,strict,4,47.1569540000055
2,binarySearch,strict,5,47.84047999995528
2,binarySearch,strict,6,46.93780799995875
2,binarySearch,strict,7,49.38819800002966
2,binarySearch,strict,8,51.71428399998695
2,binarySearch,strict,9,47.28598400001647
2,binarySearch,strict,10,46.436871999991126
2,binarySearch,strict,11,47.24255299998913
2,binarySearch,strict,12,48.19568100001197
2,binarySearch,strict,13,46.82548100000713
2,binarySearch,strict,14,47.49989099998493
2,binarySearch,strict,15,45.987767999991775
2,binarySearch,strict,16,46.53305399999954
2,binarySearch,strict,17,46.09703899995657
2,binarySearch,strict,18,45.98677800002042
2,binarySearch,strict,19,46.18164800002705
2,binarySearch,strict,20,46.08356299996376
2,binarySearch,strict,21,45.851557999965735
2,binarySearch,strict,22,45.89121499995235
2,binarySearch,strict,23,46.02586400002474
2,binarySearch,strict,24,46.503185000037774
2,binarySearch,strict,25,45.94833599997219
2,binarySearch,strict,26,45.92534199997317
2,binarySearch,strict,27,46.02683099999558
2,binarySearch,strict,28,46.512649000040255
2,binarySearch,strict,29,46.0433099999791
2,binarySearch,balanced,0,46.21755399997346
2,binarySearch,balanced,1,46.15453900001012
2,binarySearch,balanced,2,46.048150999995414
2,binarySearch,balanced,3,45.93618100002641
2,binarySearch,balanced,4,46.053075000003446
2,binarySearch,balanced,5,46.34858000004897
2,binarySearch,balanced,6,46.13654300000053
2,binarySearch,balanced,7,46.11741100001382
2,binarySearch,balanced,8,45.84563200001139
2,binarySearch,balanced,9,46.27689099998679
2,binarySearch,balanced,10,46.43956500000786
2,binarySearch,balanced,11,46.21339499996975
2,binarySearch,balanced,12,46.1330569999991
2,binarySearch,balanced,13,46.39054400002351
2,binarySearch,balanced,14,46.47562199999811
2,binarySearch,balanced,15,46.06955100002233
2,binarySearch,balanced,16,45.942760000005364
2,binarySearch,balanced,17,46.12031999998726
2,binarySearch,balanced,18,46.200614999979734
2,binarySearch,balanced,19,45.851442000013776
2,binarySearch,balanced,20,46.09412900003372
2,binarySearch,balanced,21,46.15005100000417
2,binarySearch,balanced,22,45.95149800000945
2,binarySearch,balanced,23,45.99041100003524
2,binarySearch,balanced,24,46.13683099998161
2,binarySearch,balanced,25,46.27994799998123
2,binarySearch,balanced,26,46.228169000009075
2,binarySearch,balanced,27,46.08299000002444
2,binarySearch,balanced,28,46.042591999983415
2,binarySearch,balanced,29,45.92372899997281
2,binarySearch,performance,0,45.29919800005155
2,binarySearch,performance,1,45.96790599997621
2,binarySearch,performance,2,45.28995800000848
2,binarySearch,performance,3,45.254506999976
2,binarySearch,performance,4,45.198495999968145
2,binarySearch,performance,5,45.123368000029586
2,binarySearch,performance,6,45.282958000025246
2,binarySearch,performance,7,45.51434100000188
2,binarySearch,performance,8,45.45545399998082
2,binarySearch,performance,9,45.32691800000612
2,binarySearch,performance,10,45.6040750000393
2,binarySearch,performance,11,45.34429400000954
2,binarySearch,performance,12,45.15859599999385
2,binarySearch,performance,13,45.220077999983914
2,binarySearch,performance,14,45.295485999959055
2,binarySearch,performance,15,45.463695999991614
2,binarySearch,performance,16,45.28302099998109
2,binarySearch,performance,17,45.28221299999859
2,binarySearch,performance,18,45.45988700003363
2,binarySearch,performance,19,45.306047999998555
2,binarySearch,performance,20,45.51642400003038
2,binarySearch,performance,21,45.09393800003454
2,binarySearch,performance,22,45.09008300001733
2,binarySearch,performance,23,45.400436000025366
2,binarySearch,performance,24,45.31901600002311
2,binarySearch,performance,25,45.1383569999598
2,binarySearch,performance,26,45.38445299997693
2,binarySearch,performance,27,45.33171300002141
2,binarySearch,performance,28,45.32766399998218
2,binarySearch,performance,29,45.949978000018746
2,binarySearch,budget:0.25,0,53.05044600000838
2,binarySearch,budget:0.25,1,49.062626000028104
2,binarySearch,budget:0.25,2,48.29198599996744
2,binarySearch,budget:0.25,3,46.940837000031024
2,binarySearch,budget:0.25,4,46.76680899999337
2,binarySearch,budget:0.25,5,45.93087199999718
2,binarySearch,budget:0.25,6,46.818809999967925
2,binarySearch,budget:0.25,7,46.45703799999319
2,binarySearch,budget:0.25,8,45.6899539999431
2,binarySearch,budget:0.25,9,47.60541399999056
2,binarySearch,budget:0.25,10,46.771501999988686
2,binarySearch,budget:0.25,11,45.828750999993645
2,binarySearch,budget:0.25,12,47.100380999967456
2,binarySearch,budget:0.25,13,45.41472599998815
2,binarySearch,budget:0.25,14,46.67566400003852
2,binarySearch,budget:0.25,15,45.895400000037625
2,binarySearch,budget:0.25,16,46.840701000008266
2,binarySearch,budget:0.25,17,53.024723000009544
2,binarySearch,budget:0.25,18,53.13451599999098
2,binarySearch,budget:0.25,19,45.75427000003401
2,binarySearch,budget:0.25,20,51.95227100001648
2,binarySearch,budget:0.25,21,54.14699700003257
2,binarySearch,budget:0.25,22,45.84674000000814
2,binarySearch,budget:0.25,23,49.19957900000736
2,binarySearch,budget:0.25,24,45.92165599996224
2,binarySearch,budget:0.25,25,51.90476900001522
2,binarySearch,budget:0.25,26,45.57582099997671
2,binarySearch,budget:0.25,27,47.84214500000235
2,binarySearch,budget:0.25,28,49.3982819999801
2,binarySearch,budget:0.25,29,48.98815200000536
2,binarySearch,budget:0.5,0,46.649972999992315
2,binarySearch,budget:0.5,1,51.11304100003326
2,binarySearch,budget:0.5,2,46.938793000008445
2,binarySearch,budget:0.5,3,56.174213999998756
2,binarySearch,budget:0.5,4,52.41496399999596
2,binarySearch,budget:0.5,5,51.86043800000334
2,binarySearch,budget:0.5,6,48.15105600003153
2,binarySearch,budget:0.5,7,50.751473999989685
2,binarySearch,budget:0.5,8,45.59341799997492
2,binarySearch,budget:0.5,9,45.89935899997363
2,binarySearch,budget:0.5,10,45.496538000006694
2,binarySearch,budget:0.5,11,45.4379820000031
2,binarySearch,budget:0.5,12,45.17122700001346
2,binarySearch,budget:0.5,13,45.237014000013005
2,binarySearch,budget:0.5,14,44.927060000016354
2,binarySearch,budget:0.5,15,44.99127299996326
2,binarySearch,budget:0.5,16,46.25108399998862
2,binarySearch,budget:0.5,17,47.09370999998646
2,binarySearch,budget:0.5,18,54.370545999961905
2,binarySearch,budget:0.5,19,51.271269999968354
2,binarySearch,budget:0.5,20,54.21579899999779
2,binarySearch,budget:0.5,21,53.646392999973614
2,binarySearch,budget:0.5,22,50.998551000026055
2,binarySearch,budget:0.5,23,51.08264899998903
2,binarySearch,budget:0.5,24,50.885287999990396
2,binarySearch,budget:0.5,25,53.741720999998506
2,binarySearch,budget:0.5,26,53.400021000008564
2,binarySearch,budget:0.5,27,53.73822300002212
2,binarySearch,budget:0.5,28,52.88644299999578
2,binarySearch,budget:0.5,29,49.83145499997772
2,binarySearch,chuang,0,46.33156800002325
2,binarySearch,chuang,1,45.827425999974366
2,binarySearch,chuang,2,45.92225900001358
2,binarySearch,chuang,3,45.58551800000714
2,binarySearch,chuang,4,45.53559400001541
2,binarySearch,chuang,5,45.846935000037774
2,binarySearch,chuang,6,45.83554000000004
2,binarySearch,chuang,7,46.10044100001687
2,binarySearch,chuang,8,46.467134000035
2,binarySearch,chuang,9,45.77095700002974
2,binarySearch,chuang,10,45.906998999998905
2,binarySearch,chuang,11,45.89901499997359
2,binarySearch,chuang,12,45.73217900004238
2,binarySearch,chuang,13,46.18790999997873
2,binarySearch,chuang,14,45.95707499998389
2,binarySearch,chuang,15,46.99466600001324
2,binarySearch,chuang,16,61.83214800001588
2,binarySearch,chuang,17,45.562550999980886
2,binarySearch,chuang,18,45.799639000033494
2,binarySearch,chuang,19,45.33747399999993
2,binarySearch,chuang,20,50.3783500000136
2,binarySearch,chuang,21,50.85813800001051
2,binarySearch,chuang,22,50.887733999988995
2,binarySearch,chuang,23,50.73869100003503
2,binarySearch,chuang,24,45.29946100001689
2,binarySearch,chuang,25,45.02168599999277
2,binarySearch,chuang,26,49.20458699995652
2,binarySearch,chuang,27,46.02978099999018
2,binarySearch,chuang,28,51.18741299997782
2,binarySearch,chuang,29,63.85132999997586
2,gather,none,0,59.56198300002143
2,gather,none,1,28.988750000018626
2,gather,none,2,29.084717000019737
2,gather,none,3,33.05387599999085
2,gather,none,4,37.181163000001106
2,gather,none,5,32.95187700004317
2,gather,none,6,32.927177000034135
2,gather,none,7,43.498145000019576
2,gather,none,8,28.938832000014372
2,gather,none,9,33.69524799997453
2,gather,none,10,36.94050299999071
2,gather,none,11,31.505211000039708
2,gather,none,12,29.428119999996852
2,gather,none,13,65.8778909999528
2,gather,none,14,70.58769799995935
2,gather,none,15,45.13931399997091
2,gather,none,16,37.52966100000776
2,gather,none,17,32.94230100000277
2,gather,none,18,33.05879500001902
2,gather,none,19,27.667355999990832
2,gather,none,20,36.419656999991275
2,gather,none,21,35.503844999999274
2,gather,none,22,39.95988799998304
2,gather,none,23,38.42229800001951
2,gather,none,24,36.72490599995945
2,gather,none,25,35.822099999990314
2,gather,none,26,41.95074699999532
2,gather,none,27,50.44627300003776
2,gather,none,28,34.43326200003503
2,gather,none,29,43.24957899999572
2,gather,full,0,54.61101899994537
2,gather,full,1,95.91765499999747
2,gather,full,2,68.76081900001736
2,gather,full,3,66.01226300001144
2,gather,full,4,104.24015299999155
2,gather,full,5,110.05330600001616
2,gather,full,6,81.55641100002686
2,gather,full,7,69.55442599998787
2,gather,full,8,66.70564200001536
2,gather,full,9,62.72268399997847
2,gather,full,10,67.3178590000025
2,gather,full,11,65.21032000001287
2,gather,full,12,64.7459670000244
2,gather,full,13,76.41870400001062
2,gather,full,14,71.38386000000173
2,gather,full,15,73.31256900000153
2,gather,full,16,68.17897100001574
2,gather,full,17,80.77017199998954
2,gather,full,18,123.54724299994996
2,gather,full,19,111.50654099998064
2,gather,full,20,107.28926099999808
2,gather,full,21,74.29202600003919
2,gather,full,22,62.36850400001276
2,gather,full,23,70.81256099999882
2,gather,full,24,69.16414100001566
2,gather,full,25,60.44485800003167
2,gather,full,26,80.94767999998294
2,gather,full,27,81.66748800000641
2,gather,full,28,39.87582300003851
2,gather,full,29,51.047708999947645
2,gather,proof,0,51.87357900000643
2,gather,proof,1,47.47448000003351
2,gather,proof,2,55.855847999977414
2,gather,proof,3,60.34357100003399
2,gather,proof,4,56.821997999970336
2,gather,proof,5,58.213751999952365
2,gather,proof,6,82.29684299998917
2,gather,proof,7,63.91109100001631
2,gather,proof,8,55.27432600001339
2,gather,proof,9,59.21937900001649
2,gather,proof,10,52.799835000012536
2,gather,proof,11,101.35702699999092
2,gather,proof,12,82.94767799996771
2,gather,proof,13,50.608402999991085
2,gather,proof,14,70.97908700001426
2,gather,proof,15,72.89563199999975
2,gather,proof,16,67.1244739999529
2,gather,proof,17,64.92866999999387
2,gather,proof,18,55.06364599999506
2,gather,proof,19,58.59173300000839
2,gather,proof,20,52.87876800005324
2,gather,proof,21,56.25033999996958
2,gather,proof,22,57.605194000003394
2,gather,proof,23,65.04965699999593
2,gather,proof,24,58.05406799999764
2,gather,proof,25,60.31715299998177
2,gather,proof,26,37.635370999982115
2,gather,proof,27,49.58207100001164
2,gather,proof,28,43.93983099999605
2,gather,proof,29,51.766849000006914
2,gather,strict,0,38.411212000006344
2,gather,strict,1,44.37605399999302
2,gather,strict,2,54.85042599996086
2,gather,strict,3,50.173987000016496
2,gather,strict,4,87.40162800002145
2,gather,strict,5,78.16212199995061
2,gather,strict,6,84.37844200001564
2,gather,strict,7,88.05412800004706
2,gather,strict,8,77.53269099997124
2,gather,strict,9,40.47847999999067
2,gather,strict,10,60.39032299997052
2,gather,strict,11,56.496062999998685
2,gather,strict,12,50.508794000023045
2,gather,strict,13,61.72930400003679
2,gather,strict,14,48.37588599999435
2,gather,strict,15,65.6736319999909
2,gather,strict,16,51.148851999954786
2,gather,strict,17,78.28813900001114
2,gather,strict,18,64.02486499998486
2,gather,strict,19,47.25618799997028
2,gather,strict,20,63.404520000040065
2,gather,strict,21,65.72695099998964
2,gather,strict,22,75.1175729999668
2,gather,strict,23,70.95578999997815
2,gather,strict,24,56.766276000009384
2,gather,strict,25,69.94026200001827
2,gather,strict,26,40.50688699999591
2,gather,strict,27,47.20038699998986
2,gather,strict,28,51.15811499999836
2,gather,strict,29,52.397036999987904
2,gather,balanced,0,58.880214000004344
2,gather,balanced,1,50.36511299997801
2,gather,balanced,2,44.11862999998266
2,gather,balanced,3,41.535371999954805
2,gather,balanced,4,47.42626899998868
2,gather,balanced,5,46.99826199997915
2,gather,balanced,6,42.39498799998546
2,gather,balanced,7,38.80421799997566
2,gather,balanced,8,41.12814799998887
2,gather,balanced,9,42.86344399995869
2,gather,balanced,10,42.140050999994855
2,gather,balanced,11,36.25312300003134
2,gather,balanced,12,38.470698999997694
2,gather,balanced,13,39.67638600000646
2,gather,balanced,14,39.9199699999881
2,gather,balanced,15,44.15084900002694
2,gather,balanced,16,54.821617000037804
2,gather,balanced,17,51.52815600001486
2,gather,balanced,18,50.162077000015415
2,gather,balanced,19,52.6343469999847
2,gather,balanced,20,50.39682600001106
2,gather,balanced,21,56.29813400004059
2,gather,balanced,22,47.87148099998012
2,gather,balanced,23,53.36684100003913
2,gather,balanced,24,45.72703599999659
2,gather,balanced,25,46.53155700000934
2,gather,balanced,26,62.59707600000547
2,gather,balanced,27,84.91415600001346
2,gather,balanced,28,64.88315100001637
2,gather,balanced,29,77.55814300000202
2,gather,performance,0,38.35198900004616
2,gather,performance,1,35.856228000018746
2,gather,performance,2,55.64405300002545
2,gather,performance,3,78.78406199999154
2,gather,performance,4,68.2411429999629
2,gather,performance,5,64.88186700001825
2,gather,performance,6,42.38969000003999
2,gather,performance,7,42.716491999977734
2,gather,performance,8,45.46877099998528
2,gather,performance,9,41.020773000025656
2,gather,performance,10,41.7974530000356
2,gather,performance,11,46.34485900000436
2,gather,performance,12,41.85684899997432
2,gather,performance,13,43.00000400003046
2,gather,performance,14,43.13507600000594
2,gather,performance,15,45.1056020000251
2,gather,performance,16,38.27227200003108
2,gather,performance,17,39.21177599998191
2,gather,performance,18,36.76691700000083
2,gather,performance,19,34.652736000018194
2,gather,performance,20,35.90421799995238
2,gather,performance,21,39.402562999981456
2,gather,performance,22,37.71805600001244
2,gather,performance,23,39.50042900000699
2,gather,performance,24,35.274778999970295
2,gather,performance,25,37.390964000020176
2,gather,performance,26,33.001341000024695
2,gather,performance,27,39.40227600000799
2,gather,performance,28,35.47471999999834
2,gather,performance,29,40.50261700002011
2,gather,budget:0.25,0,39.371732000028715
2,gather,budget:0.25,1,35.592143000045326
2,gather,budget:0.25,2,49.08837399998447
2,gather,budget:0.25,3,39.568459000031
2,gather,budget:0.25,4,41.646624999993946
2,gather,budget:0.25,5,42.787484999978915
2,gather,budget:0.25,6,42.6944529999746
2,gather,budget:0.25,7,59.4628429999575
2,gather,budget:0.25,8,56.7279859999544
2,gather,budget:0.25,9,60.64253599999938
2,gather,budget:0.25,10,57.17009899998084
2,gather,budget:0.25,11,58.308357000001706
2,gather,budget:0.25,12,37.50131500000134
2,gather,budget:0.25,13,55.69499999994878
2,gather,budget:0.25,14,60.214016999991145
2,gather,budget:0.25,15,52.04424700001255
2,gather,budget:0.25,16,39.683388000004925
2,gather,budget:0.25,17,38.73166799999308
2,gather,budget:0.25,18,35.434662999992725
2,gather,budget:0.25,19,32.76868199999444
2,gather,budget:0.25,20,36.38587599998573
2,gather,budget:0.25,21,37.521286999981385
2,gather,budget:0.25,22,34.24345599999651
2,gather,budget:0.25,23,42.372779999976046
2,gather,budget:0.25,24,66.41633300000103
2,gather,budget:0.25,25,66.10979900002712
2,gather,budget:0.25,26,46.38378900004318
2,gather,budget:0.25,27,42.77906199998688
2,gather,budget:0.25,28,55.30930399999488
2,gather,budget:0.25,29,35.855251000029966
2,gather,budget:0.5,0,36.037183000007644
2,gather,budget:0.5,1,43.136913000023924
2,gather,budget:0.5,2,51.928509999997914
2,gather,budget:0.5,3,68.0691929999739
2,gather,budget:0.5,4,39.80722000001697
2,gather,budget:0.5,5,56.99671999999555
2,gather,budget:0.5,6,74.10098600003403
2,gather,budget:0.5,7,55.75865400000475
2,gather,budget:0.5,8,41.39067900000373
2,gather,budget:0.5,9,49.5094800000079
2,gather,budget:0.5,10,50.412907999998424
2,gather,budget:0.5,11,45.91247999999905
2,gather,budget:0.5,12,52.338740000035614
2,gather,budget:0.5,13,51.561670000024606
2,gather,budget:0.5,14,50.20803499995964
2,gather,budget:0.5,15,62.236167999973986
2,gather,budget:0.5,16,46.5962550000404
2,gather,budget:0.5,17,53.2999069999787
2,gather,budget:0.5,18,53.98522299999604
2,gather,budget:0.5,19,72.6592819999787
2,gather,budget:0.5,20,51.21029899996938
2,gather,budget:0.5,21,64.18972799996845
2,gather,budget:0.5,22,65.42249299999094
2,gather,budget:0.5,23,51.27507800003514
2,gather,budget:0.5,24,61.51313700003084
2,gather,budget:0.5,25,89.85505899996497
2,gather,budget:0.5,26,68.23018100002082
2,gather,budget:0.5,27,51.71993000002112
2,gather,budget:0.5,28,57.65461100003449
2,gather,budget:0.5,29,48.19939100003103
2,gather,chuang,0,71.32487300003413
2,gather,chuang,1,65.20833100000164
2,gather,chuang,2,56.5335770000238
2,gather,chuang,3,94.501304000034
2,gather,chuang,4,89.92696100001922
2,gather,chuang,5,95.52615900000092
2,gather,chuang,6,63.03841300000204
2,gather,chuang,7,77.02431800001068
2,gather,chuang,8,90.71439400000963
2,gather,chuang,9,70.70926599996164
2,gather,chuang,10,86.06862899998669
2,gather,chuang,11,73.82997399999294
2,gather,chuang,12,71.16409500001464
2,gather,chuang,13,43.01443099998869
2,gather,chuang,14,47.09969699999783
2,gather,chuang,15,43.6923400000087
2,gather,chuang,16,45.106887999980245
2,gather,chuang,17,54.87940499995602
2,gather,chuang,18,47.895752000040375
2,gather,chuang,19,55.69461999996565
2,gather,chuang,20,55.81584400002612
2,gather,chuang,21,87.35004000004847
2,gather,chuang,22,78.54040800000075
2,gather,chuang,23,39.28617600002326
2,gather,chuang,24,44.818050000001676
2,gather,chuang,25,47.35236099996837
2,gather,chuang,26,42.08411200001137
2,gather,chuang,27,44.3061549999984
2,gather,chuang,28,48.7114120000042
2,gather,chuang,29,68.23043300001882
2,scatter,none,0,30.14228499995079
2,scatter,none,1,29.25944900000468
2,scatter,none,2,29.28940100001637
2,scatter,none,3,46.85311099997489
2,scatter,none,4,43.77562800003216
2,scatter,none,5,41.05082699999912
2,scatter,none,6,43.456509999989066
2,scatter,none,7,48.20751099998597
2,scatter,none,8,26.746337999997195
2,scatter,none,9,26.389858999988064
2,scatter,none,10,22.801289000024553
2,scatter,none,11,37.96661300002597
2,scatter,none,12,37.87982199998805
2,scatter,none,13,34.80763499997556
2,scatter,none,14,32.32546900003217
2,scatter,none,15,24.422048999986146
2,scatter,none,16,25.698181999963708
2,scatter,none,17,26.787517999997362
2,scatter,none,18,26.906901000009384
2,scatter,none,19,21.98957499995595
2,scatter,none,20,22.846535000018775
2,scatter,none,21,25.35830199997872
2,scatter,none,22,24.442777999967802
2,scatter,none,23,55.133055999991484
2,scatter,none,24,38.69785799999954
2,scatter,none,25,56.12128199997824
2,scatter,none,26,56.15606999996817
2,scatter,none,27,54.447701999975834
2,scatter,none,28,43.66149199998472
2,scatter,none,29,27.510665000008885
2,scatter,full,0,21.003775999997742
2,scatter,full,1,21.72163200000068
2,scatter,full,2,25.435633999994025
2,scatter,full,3,24.8006920000189
2,scatter,full,4,27.60349300003145
2,scatter,full,5,29.77437999995891
2,scatter,full,6,31.784018000005744
2,scatter,full,7,31.339088000007905
2,scatter,full,8,47.382603999983985
2,scatter,full,9,32.68485600000713
2,scatter,full,10,46.688748999964446
2,scatter,full,11,40.76561100000981
2,scatter,full,12,68.99986300000455
2,scatter,full,13,65.55777600000147
2,scatter,full,14,63.81333899998572
2,scatter,full,15,64.36999999999534
2,scatter,full,16,32.606551000033505
2,scatter,full,17,37.674293000018224
2,scatter,full,18,28.655632000009064
2,scatter,full,19,32.32274099998176
2,scatter,full,20,32.10410599998431
2,scatter,full,21,26.73134499997832
2,scatter,full,22,33.07791999995243
2,scatter,full,23,29.439383999968413
2,scatter,full,24,64.49132600001758
2,scatter,full,25,31.953357000020333
2,scatter,full,26,62.716975999996066
2,scatter,full,27,56.23336999997264
2,scatter,full,28,55.3799289999879
2,scatter,full,29,48.5694899999653
2,scatter,proof,0,31.001496999990195
2,scatter,proof,1,39.795206999988295
2,scatter,proof,2,29.01008399995044
2,scatter,proof,3,37.23047700000461
2,scatter,proof,4,33.466128000000026
2,scatter,proof,5,21.222700999991503
2,scatter,proof,6,60.83526500000153
2,scatter,proof,7,55.64717099996051
2,scatter,proof,8,64.2798260000418
2,scatter,proof,9,53.62373099999968
2,scatter,proof,10,32.15591900004074
2,scatter,proof,11,33.36288799997419
2,scatter,proof,12,29.289906000019982
2,scatter,proof,13,28.38821200001985
2,scatter,proof,14,50.473712000006344
2,scatter,proof,15,33.60462200001348
2,scatter,proof,16,46.49319700000342
2,scatter,proof,17,35.224479000025894
2,scatter,proof,18,25.702642999996897
2,scatter,proof,19,23.40795799996704
2,scatter,proof,20,24.522059999988414
2,scatter,proof,21,28.585024999978486
2,scatter,proof,22,29.075802999956068
2,scatter,proof,23,16.11572599998908
2,scatter,proof,24,15.770959000044968
2,scatter,proof,25,15.822945999971125
2,scatter,proof,26,19.779278000001796
2,scatter,proof,27,19.64856800000416
2,scatter,proof,28,19.838724000030197
2,scatter,proof,29,20.12758800003212
2,scatter,strict,0,31.41072499996517
2,scatter,strict,1,18.094840999983717
2,scatter,strict,2,21.014351000019815
2,scatter,strict,3,20.628897999995388
2,scatter,strict,4,16.147171999968123
2,scatter,strict,5,18.08712199999718
2,scatter,strict,6,17.77431599999545
2,scatter,strict,7,19.20043099997565
2,scatter,strict,8,21.914355999964755
2,scatter,strict,9,24.583895999996457
2,scatter,strict,10,18.670882000005804
2,scatter,strict,11,19.02294699999038
2,scatter,strict,12,20.026000000012573
2,scatter,strict,13,20.07957699999679
2,scatter,strict,14,20.803969000000507
2,scatter,strict,15,18.110662000020966
2,scatter,strict,16,19.385623000038322
2,scatter,strict,17,20.9387899999856
2,scatter,strict,18,15.535730000003241
2,scatter,strict,19,14.376018000009935
2,scatter,strict,20,19.56266199995298
2,scatter,strict,21,25.012849999999162
2,scatter,strict,22,15.201860000030138
2,scatter,strict,23,30.06834500003606
2,scatter,strict,24,38.81137199996738
2,scatter,strict,25,45.953080000006594
2,scatter,strict,26,35.016341000038665
2,scatter,strict,27,15.411766000033822
2,scatter,strict,28,16.556698000000324
2,scatter,strict,29,17.619684999983292
2,scatter,balanced,0,21.769999000011012
2,scatter,balanced,1,18.95207699999446
2,scatter,balanced,2,19.210553999990225
2,scatter,balanced,3,17.811595000035595
2,scatter,balanced,4,22.268360000045504
2,scatter,balanced,5,22.18309899995802
2,scatter,balanced,6,46.818619000026956
2,scatter,balanced,7,52.97182099998463
2,scatter,balanced,8,37.427628999983426
2,scatter,balanced,9,21.163835000013933
2,scatter,balanced,10,22.384329000022262
2,scatter,balanced,11,35.447271000011824
2,scatter,balanced,12,21.61855299997842
2,scatter,balanced,13,21.90540399996098
2,scatter,balanced,14,23.142897000012454
2,scatter,balanced,15,27.28496100002667
2,scatter,balanced,16,30.071503999992274
2,scatter,balanced,17,20.940577999979723
2,scatter,balanced,18,31.363434999948367
2,scatter,balanced,19,24.98658099997556
2,scatter,balanced,20,24.69696400000248
2,scatter,balanced,21,31.60833499999717
2,scatter,balanced,22,20.31840899999952
2,scatter,balanced,23,19.064652999979444
2,scatter,balanced,24,16.74437000002945
2,scatter,balanced,25,18.503827999986243
2,scatter,balanced,26,19.3196899999748
2,scatter,balanced,27,17.41586800001096
2,scatter,balanced,28,15.355246999999508
2,scatter,balanced,29,14.51412900001742
2,scatter,performance,0,26.46632199996384
2,scatter,performance,1,23.6277649999829
2,scatter,performance,2,24.88473700004397
2,scatter,performance,3,19.516600000031758
2,scatter,performance,4,18.88702199998079
2,scatter,performance,5,22.53293799998937
2,scatter,performance,6,18.859789000009187
2,scatter,performance,7,25.840139999985695
2,scatter,performance,8,26.71823600004427
2,scatter,performance,9,19.35220299998764
2,scatter,performance,10,20.09061799995834
2,scatter,performance,11,26.977736000029836
2,scatter,performance,12,24.876396999985445
2,scatter,performance,13,24.76037400000496
2,scatter,performance,14,22.233162999968044
2,scatter,performance,15,18.937401000002865
2,scatter,performance,16,17.854524999973364
2,scatter,performance,17,22.61982199997874
2,scatter,performance,18,17.33445700001903
2,scatter,performance,19,20.562914999958593
2,scatter,performance,20,16.97601600002963
2,scatter,performance,21,18.987355999997817
2,scatter,performance,22,22.332311999984086
2,scatter,performance,23,23.8710120000178
2,scatter,performance,24,23.401708999997936
2,scatter,performance,25,25.940606000018306
2,scatter,performance,26,27.548637000028975
2,scatter,performance,27,23.027367000002414
2,scatter,performance,28,38.2037550000241
2,scatter,performance,29,23.221739000000525
2,scatter,budget:0.25,0,45.57659200002672
2,scatter,budget:0.25,1,18.869264999986626
2,scatter,budget:0.25,2,57.74575499998173
2,scatter,budget:0.25,3,46.406789000029676
2,scatter,budget:0.25,4,18.215499999991152
2,scatter,budget:0.25,5,17.609047000005376
2,scatter,budget:0.25,6,18.470541000016965
2,scatter,budget:0.25,7,18.390009000024293
2,scatter,budget:0.25,8,21.745676000020467
2,scatter,budget:0.25,9,18.134374999965075
2,scatter,budget:0.25,10,16.38723699998809
2,scatter,budget:0.25,11,16.3529930000077
2,scatter,budget:0.25,12,16.845539000001736
2,scatter,budget:0.25,13,15.035435999976471
2,scatter,budget:0.25,14,21.657494999992196
2,scatter,budget:0.25,15,16.50906000001123
2,scatter,budget:0.25,16,15.308594000001904
2,scatter,budget:0.25,17,16.928294999990612
2,scatter,budget:0.25,18,16.302841000026092
2,scatter,budget:0.25,19,15.349904000002425
2,scatter,budget:0.25,20,18.04030499997316
2,scatter,budget:0.25,21,18.38623499998357
2,scatter,budget:0.25,22,22.250532000034582
2,scatter,budget:0.25,23,23.023013999976683
2,scatter,budget:0.25,24,18.274505999987014
2,scatter,budget:0.25,25,18.050381000037305
2,scatter,budget:0.25,26,16.942677999963053
2,scatter,budget:0.25,27,15.889007000019774
2,scatter,budget:0.25,28,18.45654399995692
2,scatter,budget:0.25,29,20.086642000009306
2,scatter,budget:0.5,0,29.021267000003718
2,scatter,budget:0.5,1,31.37719799997285
2,scatter,budget:0.5,2,58.11976600001799
2,scatter,budget:0.5,3,43.02499900001567
2,scatter,budget:0.5,4,48.444775000039954
2,scatter,budget:0.5,5,44.834277000045404
2,scatter,budget:0.5,6,22.075309000036214
2,scatter,budget:0.5,7,34.945171000028495
2,scatter,budget:0.5,8,27.429365999996662
2,scatter,budget:0.5,9,27.91187999997055
2,scatter,budget:0.5,10,20.095636999991257
2,scatter,budget:0.5,11,18.606167000019923
2,scatter,budget:0.5,12,25.278549999988172
2,scatter,budget:0.5,13,20.887160999991465
2,scatter,budget:0.5,14,17.453662000014447
2,scatter,budget:0.5,15,45.03912099997979
2,scatter,budget:0.5,16,44.51453899999615
2,scatter,budget:0.5,17,58.59886299999198
2,scatter,budget:0.5,18,31.628020000003744
2,scatter,budget:0.5,19,20.043742000008933
2,scatter,budget:0.5,20,29.27609300002223
2,scatter,budget:0.5,21,25.097435999952722
2,scatter,budget:0.5,22,25.461118999985047
2,scatter,budget:0.5,23,21.842285999970045
2,scatter,budget:0.5,24,44.31487800000468
2,scatter,budget:0.5,25,41.29613099998096
2,scatter,budget:0.5,26,52.32550400000764
2,scatter,budget:0.5,27,41.21099500003038
2,scatter,budget:0.5,28,25.344637000001967
2,scatter,budget:0.5,29,19.715817000018433
2,scatter,chuang,0,47.17146599997068
2,scatter,chuang,1,64.27213200001279
2,scatter,chuang,2,67.36906599998474
2,scatter,chuang,3,60.772561999969184
2,scatter,chuang,4,61.99546200002078
2,scatter,chuang,5,61.75919900002191
2,scatter,chuang,6,57.42052099999273
2,scatter,chuang,7,60.35096299997531
2,scatter,chuang,8,59.978422999964096
2,scatter,chuang,9,64.68286599998828
2,scatter,chuang,10,30.71678499999689
2,scatter,chuang,11,35.557916999969166
2,scatter,chuang,12,34.32851100002881
2,scatter,chuang,13,37.12927299999865
2,scatter,chuang,14,27.82745199999772
2,scatter,chuang,15,32.929628999962006
2,scatter,chuang,16,27.159142999968026
2,scatter,chuang,17,41.00729700003285
2,scatter,chuang,18,46.751279999967664
2,scatter,chuang,19,46.5744040000136
2,scatter,chuang,20,50.242640000011306
2,scatter,chuang,21,55.0575339999632
2,scatter,chuang,22,56.187268000037875
2,scatter,chuang,23,61.232325999997556
2,scatter,chuang,24,57.044387999980245
2,scatter,chuang,25,65.08520999999018
2,scatter,chuang,26,25.827252999995835
2,scatter,chuang,27,22.06071700004395
2,scatter,chuang,28,22.099577999964822
2,scatter,chuang,29,20.131647999980487
2,reverse,none,0,5.2952340000192635
2,reverse,none,1,4.286518000008073
2,reverse,none,2,4.874413000012282
2,reverse,none,3,4.512760000012349
2,reverse,none,4,5.275199999974575
2,reverse,none,5,5.560264999978244
2,reverse,none,6,5.423814000037964
2,reverse,none,7,5.28695500001777
2,reverse,none,8,5.524673000036273
2,reverse,none,9,5.467391999962274
2,reverse,none,10,5.5420170000288635
2,reverse,none,11,5.258219999959692
2,reverse,none,12,5.352916999952868
2,reverse,none,13,4.533362000016496
2,reverse,none,14,4.328620999993291
2,reverse,none,15,4.830988999980036
2,reverse,none,16,4.4179580000345595
2,reverse,none,17,3.9003410000004806
2,reverse,none,18,3.965105000010226
2,reverse,none,19,3.7324899999657646
2,reverse,none,20,3.607499999983702
2,reverse,none,21,3.9202270000241697
2,reverse,none,22,3.681523000006564
2,reverse,none,23,5.375217999971937
2,reverse,none,24,5.401272999995854
2,reverse,none,25,5.075845999992453
2,reverse,none,26,5.157811000011861
2,reverse,none,27,5.169694000040181
2,reverse,none,28,5.198327000020072
2,reverse,none,29,5.149757999985013
2,reverse,full,0,12.470200999989174
2,reverse,full,1,13.256524999975227
2,reverse,full,2,13.750727000006009
2,reverse,full,3,13.28163800004404
2,reverse,full,4,12.873991000000387
2,reverse,full,5,12.10486000002129
2,reverse,full,6,13.375725999998394
2,reverse,full,7,12.685395999986213
2,reverse,full,8,11.690119999984745
2,reverse,full,9,11.08759499998996
2,reverse,full,10,13.359226000029594
2,reverse,full,11,12.003027999948245
2,reverse,full,12,11.171891000005417
2,reverse,full,13,10.503403000009712
2,reverse,full,14,12.974537000001874
2,reverse,full,15,6.961837999988347
2,reverse,full,16,9.890591999981552
2,reverse,full,17,11.918816999997944
2,reverse,full,18,11.015789000026416
2,reverse,full,19,10.8715310000116
2,reverse,full,20,11.40308100002585
2,reverse,full,21,11.35350099997595
2,reverse,full,22,11.289931999985129
2,reverse,full,23,9.14139200001955
2,reverse,full,24,11.582724999985658
2,reverse,full,25,11.575026000034995
2,reverse,full,26,11.53935099998489
2,reverse,full,27,10.498070999979973
2,reverse,full,28,11.746094000001904
2,reverse,full,29,11.696218999975827
2,reverse,proof,0,11.193617999961134
2,reverse,proof,1,12.024219000013545
2,reverse,proof,2,10.930385999963619
2,reverse,proof,3,11.822474999993574
2,reverse,proof,4,11.933236000011675
2,reverse,proof,5,8.074187999998685
2,reverse,proof,6,6.714223999995738
2,reverse,proof,7,6.935055000009015
2,reverse,proof,8,8.195650999958161
2,reverse,proof,9,9.104450999991968
2,reverse,proof,10,8.296661000000313
2,reverse,proof,11,9.190383000008296
2,reverse,proof,12,9.399700000009034
2,reverse,proof,13,8.972644000023138
2,reverse,proof,14,9.489042999979574
2,reverse,proof,15,10.746402000018861
2,reverse,proof,16,9.799102000019047
2,reverse,proof,17,10.052931000012904
2,reverse,proof,18,9.441595999989659
2,reverse,proof,19,6.699765000026673
2,reverse,proof,20,6.756938999984413
2,reverse,proof,21,6.70037700003013
2,reverse,proof,22,6.762621000001673
2,reverse,proof,23,6.751585999969393
2,reverse,proof,24,6.739024000009522
2,reverse,proof,25,6.773933000047691
2,reverse,proof,26,6.696993999998085
2,reverse,proof,27,6.69156499998644
2,reverse,proof,28,6.746994999994058
2,reverse,proof,29,6.763555000012275
2,reverse,strict,0,7.224688999995124
2,reverse,strict,1,6.307058000005782
2,reverse,strict,2,6.629524999996647
2,reverse,strict,3,5.76490399998147
2,reverse,strict,4,5.591239000030328
2,reverse,strict,5,5.8102969999890774
2,reverse,strict,6,5.74337199999718
2,reverse,strict,7,5.880434999999125
2,reverse,strict,8,5.58559700002661
2,reverse,strict,9,6.143832999980077
2,reverse,strict,10,5.5051300000050105
2,reverse,strict,11,5.910282999975607
2,reverse,strict,12,5.642446000012569
2,reverse,strict,13,5.575654999993276
2,reverse,strict,14,5.6501619999762625
2,reverse,strict,15,5.6138539999956265
2,reverse,strict,16,5.560055999958422
2,reverse,strict,17,5.523678999976255
2,reverse,strict,18,5.851639000000432
2,reverse,strict,19,7.181466000038199
2,reverse,strict,20,5.779130000039004
2,reverse,strict,21,5.524826000037137
2,reverse,strict,22,5.619032999966294
2,reverse,strict,23,5.662118000036571
2,reverse,strict,24,6.033240999968257
2,reverse,strict,25,6.458626999985427
2,reverse,strict,26,5.7794639999629
2,reverse,strict,27,5.556817999982741
2,reverse,strict,28,6.319485999993049
2,reverse,strict,29,5.803657000011299
2,reverse,balanced,0,6.493986000015866
2,reverse,balanced,1,5.543611000000965
2,reverse,balanced,2,5.558080999995582
2,reverse,balanced,3,5.711485000036191
2,reverse,balanced,4,6.355641999980435
2,reverse,balanced,5,5.4232150000170805
2,reverse,balanced,6,6.114321000000928
2,reverse,balanced,7,5.390398999967147
2,reverse,balanced,8,5.697939999983646
2,reverse,balanced,9,5.64197100000456
2,reverse,balanced,10,5.386203000030946
2,reverse,balanced,11,5.337792999984231
2,reverse,balanced,12,5.298528000013903
2,reverse,balanced,13,5.603047000011429
2,reverse,balanced,14,5.67665500001749
2,reverse,balanced,15,5.676750000042375
2,reverse,balanced,16,5.567765000043437
2,reverse,balanced,17,5.351124000037089
2,reverse,balanced,18,5.435156999970786
2,reverse,balanced,19,5.619739999994636
2,reverse,balanced,20,5.660252999980003
2,reverse,balanced,21,5.318743000039831
2,reverse,balanced,22,5.338297999987844
2,reverse,balanced,23,6.3271829999866895
2,reverse,balanced,24,6.043997000029776
2,reverse,balanced,25,5.289334000030067
2,reverse,balanced,26,5.339236999978311
2,reverse,balanced,27,5.25751400005538
2,reverse,balanced,28,5.38648500002455
2,reverse,balanced,29,5.293380999995861
2,reverse,performance,0,4.773427000036463
2,reverse,performance,1,4.65071600000374
2,reverse,performance,2,4.361289999971632
2,reverse,performance,3,4.582003999967128
2,reverse,performance,4,4.495955999998841
2,reverse,performance,5,4.497894999978598
2,reverse,performance,6,4.357715999998618
2,reverse,performance,7,4.5017669999506325
2,reverse,performance,8,4.406643000023905
2,reverse,performance,9,4.455626000009943
2,reverse,performance,10,4.327748999989126
2,reverse,performance,11,4.42055799998343
2,reverse,performance,12,4.455249000049662
2,reverse,performance,13,4.2928979999851435
2,reverse,performance,14,4.689352999965195
2,reverse,performance,15,4.338386999967042
2,reverse,performance,16,4.596664999960922
2,reverse,performance,17,4.6844389999751
2,reverse,performance,18,4.95104099996388
2,reverse,performance,19,4.468267999996897
2,reverse,performance,20,4.4982619999791496
2,reverse,performance,21,4.681476999947336
2,reverse,performance,22,4.587658000004012
2,reverse,performance,23,4.317096000013407
2,reverse,performance,24,4.817475999996532
2,reverse,performance,25,4.382058000017423
2,reverse,performance,26,4.6379910000250675
2,reverse,performance,27,4.401706999982707
2,reverse,performance,28,5.070346999971662
2,reverse,performance,29,7.317693000019062
2,reverse,budget:0.25,0,5.405101999989711
2,reverse,budget:0.25,1,3.8756890000076964
2,reverse,budget:0.25,2,4.076356999983545
2,reverse,budget:0.25,3,3.900248999998439
2,reverse,budget:0.25,4,3.9678730000159703
2,reverse,budget:0.25,5,4.002347000001464
2,reverse,budget:0.25,6,4.076592999976128
2,reverse,budget:0.25,7,3.9531280000228435
2,reverse,budget:0.25,8,4.001120999979321
2,reverse,budget:0.25,9,6.372780000034254
2,reverse,budget:0.25,10,5.8082600000198
2,reverse,budget:0.25,11,5.60755600000266
2,reverse,budget:0.25,12,5.122555000009015
2,reverse,budget:0.25,13,5.503385999996681
2,reverse,budget:0.25,14,4.1539580000098795
2,reverse,budget:0.25,15,3.7972479999880306
2,reverse,budget:0.25,16,4.449935999989975
2,reverse,budget:0.25,17,3.658798000018578
2,reverse,budget:0.25,18,3.6546489999745972
2,reverse,budget:0.25,19,3.6211309999926016
2,reverse,budget:0.25,20,3.8875869999756105
2,reverse,budget:0.25,21,3.911985000013374
2,reverse,budget:0.25,22,4.250674000009894
2,reverse,budget:0.25,23,5.457309999968857
2,reverse,budget:0.25,24,5.4342690000194125
2,reverse,budget:0.25,25,5.446621000010055
2,reverse,budget:0.25,26,5.977876999997534
2,reverse,budget:0.25,27,5.406426000001375
2,reverse,budget:0.25,28,5.706142000039108
2,reverse,budget:0.25,29,5.81535700004315
2,reverse,budget:0.5,0,7.160933999984991
2,reverse,budget:0.5,1,7.577038999996148
2,reverse,budget:0.5,2,7.991455000010319
2,reverse,budget:0.5,3,8.318586000008509
2,reverse,budget:0.5,4,8.565096999984235
2,reverse,budget:0.5,5,8.053513999970164
2,reverse,budget:0.5,6,10.241914999962319
2,reverse,budget:0.5,7,10.981107999978121
2,reverse,budget:0.5,8,10.086126000038348
2,reverse,budget:0.5,9,9.853486999985762
2,reverse,budget:0.5,10,10.045759000000544
2,reverse,budget:0.5,11,8.083524999965448
2,reverse,budget:0.5,12,8.926376999996137
2,reverse,budget:0.5,13,7.677306999976281
2,reverse,budget:0.5,14,7.860788999998476
2,reverse,budget:0.5,15,7.937887999985833
2,reverse,budget:0.5,16,7.208907999971416
2,reverse,budget:0.5,17,7.761822999978904
2,reverse,budget:0.5,18,4.403835000004619
2,reverse,budget:0.5,19,4.3406949999625795
2,reverse,budget:0.5,20,4.395977000007406
2,reverse,budget:0.5,21,4.561993999988772
2,reverse,budget:0.5,22,4.404816000023857
2,reverse,budget:0.5,23,4.320960000040941
2,reverse,budget:0.5,24,4.428775999986101
2,reverse,budget:0.5,25,4.559796000015922
2,reverse,budget:0.5,26,4.409594000026118
2,reverse,budget:0.5,27,4.424830999982078
2,reverse,budget:0.5,28,4.39128800004255
2,reverse,budget:0.5,29,4.354384999955073
2,reverse,chuang,0,5.21303700003773
2,reverse,chuang,1,4.7892679999931715
2,reverse,chuang,2,5.185323000012431
2,reverse,chuang,3,5.233497000008356
2,reverse,chuang,4,5.201885999995284
2,reverse,chuang,5,5.189970000006724
2,reverse,chuang,6,6.9960270000156015
2,reverse,chuang,7,5.495601000031456
2,reverse,chuang,8,6.9973640000098385
2,reverse,chuang,9,5.126529000001028
2,reverse,chuang,10,4.938080000050832
2,reverse,chuang,11,5.1732670000055805
2,reverse,chuang,12,4.998666999978013
2,reverse,chuang,13,5.05560099997092
2,reverse,chuang,14,6.590105000010226
2,reverse,chuang,15,5.153394000022672
2,reverse,chuang,16,4.871112000022549
2,reverse,chuang,17,5.115336999995634
2,reverse,chuang,18,5.090789999987464
2,reverse,chuang,19,4.9706979999900796
2,reverse,chuang,20,4.940776999981608
2,reverse,chuang,21,5.303159000002779
2,reverse,chuang,22,5.060280000034254
2,reverse,chuang,23,4.9839410000131465
2,reverse,chuang,24,5.068044000014197
2,reverse,chuang,25,5.0281949999625795
2,reverse,chuang,26,5.399713999999221
2,reverse,chuang,27,5.27190699998755
2,reverse,chuang,28,5.112862000009045
2,reverse,chuang,29,5.125835000013467
